customer_id,purchase_date,product,price_usd,rating,age_group,gender,region,purchase_channel,review,year,month,month_name,revenue,rating_label,sentiment,sentiment_score
CUST1000,2023-10-09,Beats Flex,49.99,2,25-34,Male,Europe,Online,Battery drains faster than advertised. Expected better performance.,2023,10,October,49.99,Negative,Positive,0.4404
CUST1001,2024-08-27,Beats Flex,49.99,5,45-54,Male,North America,Online,Best purchase I've made this year. Bass is deep and clear.,2024,8,August,49.99,Positive,Positive,0.7783
CUST1002,2023-01-28,Beats Fit Pro,199.99,3,55+,Male,Middle East,Third-Party Retailer,Average noise cancellation. Works fine in mild environments.,2023,1,January,199.99,Neutral,Positive,0.2023
CUST1003,2023-01-07,Beats Fit Pro,199.99,4,25-34,Non-Binary,Latin America,Apple Store,The fit is perfect and they're super comfortable for long sessions.,2023,1,January,199.99,Positive,Positive,0.9246
CUST1004,2023-04-15,Powerbeats Pro,249.99,3,18-24,Female,North America,Apple Store,Build quality feels okay. The case could be better designed.,2023,4,April,249.99,Neutral,Positive,0.5859
CUST1005,2024-04-15,Powerbeats Pro,249.99,4,55+,Male,Latin America,Online,Absolutely love these headphones! The sound quality is incredible.,2024,4,April,249.99,Positive,Positive,0.6989
CUST1006,2024-08-14,Beats Studio Buds+,169.99,4,25-34,Non-Binary,North America,Online,Incredible sound stage. Music feels alive with these on.,2024,8,August,169.99,Positive,Positive,0.3818
CUST1007,2023-03-23,Beats Flex,49.99,3,25-34,Male,Latin America,Apple Store,Build quality feels okay. The case could be better designed.,2023,3,March,49.99,Neutral,Positive,0.5859
CUST1008,2023-06-16,Beats Solo 4,199.99,5,35-44,Female,Europe,Apple Store,Incredible sound stage. Music feels alive with these on.,2023,6,June,199.99,Positive,Positive,0.3818
CUST1009,2024-09-15,Beats Flex,49.99,5,25-34,Non-Binary,Europe,In-Store,Best purchase I've made this year. Bass is deep and clear.,2024,9,September,49.99,Positive,Positive,0.7783
CUST1010,2024-12-02,Beats Solo 4,199.99,4,35-44,Male,Europe,Online,Battery life is outstanding. Wore them all day with no issues.,2024,12,December,199.99,Positive,Positive,0.4215
CUST1011,2023-08-05,Powerbeats Pro,249.99,4,55+,Non-Binary,Asia Pacific,In-Store,Best purchase I've made this year. Bass is deep and clear.,2023,8,August,249.99,Positive,Positive,0.7783
CUST1012,2023-05-27,Beats Flex,49.99,4,35-44,Male,Europe,Apple Store,Seamless connection with my iPhone. Switching devices is effortless.,2023,5,May,49.99,Positive,Neutral,0.0
CUST1013,2024-01-06,Beats Flex,49.99,4,25-34,Male,Middle East,Third-Party Retailer,Fast charging is a game changer. 10 mins gave me 3 hours of playback.,2024,1,January,49.99,Positive,Neutral,0.0
CUST1014,2023-06-06,Beats Studio Pro,349.99,5,25-34,Non-Binary,Latin America,Online,Best purchase I've made this year. Bass is deep and clear.,2023,6,June,349.99,Positive,Positive,0.7783
CUST1015,2024-06-25,Beats Solo 4,199.99,4,35-44,Non-Binary,North America,Online,Seamless connection with my iPhone. Switching devices is effortless.,2024,6,June,199.99,Positive,Neutral,0.0
CUST1016,2024-10-18,Beats Flex,49.99,5,35-44,Male,Asia Pacific,Third-Party Retailer,The fit is perfect and they're super comfortable for long sessions.,2024,10,October,49.99,Positive,Positive,0.9246
CUST1017,2024-05-27,Beats Fit Pro,199.99,4,25-34,Non-Binary,North America,Apple Store,The fit is perfect and they're super comfortable for long sessions.,2024,5,May,199.99,Positive,Positive,0.9246
CUST1018,2023-06-06,Beats Flex,49.99,4,35-44,Male,Middle East,Online,Battery life is outstanding. Wore them all day with no issues.,2023,6,June,49.99,Positive,Positive,0.4215
CUST1019,2023-04-25,Beats Studio Buds+,169.99,4,35-44,Female,Europe,Online,Absolutely love these headphones! The sound quality is incredible.,2023,4,April,169.99,Positive,Positive,0.6989
CUST1020,2023-03-29,Beats Fit Pro,199.99,5,45-54,Male,Middle East,In-Store,Best purchase I've made this year. Bass is deep and clear.,2023,3,March,199.99,Positive,Positive,0.7783
CUST1021,2023-09-29,Beats Fit Pro,199.99,5,55+,Non-Binary,Latin America,In-Store,Premium feel and amazing noise cancellation. Worth every penny.,2023,9,September,199.99,Positive,Positive,0.6908
CUST1022,2024-12-31,Beats Studio Buds+,169.99,5,35-44,Female,Asia Pacific,Third-Party Retailer,Battery life is outstanding. Wore them all day with no issues.,2024,12,December,169.99,Positive,Positive,0.4215
CUST1023,2023-08-19,Beats Studio Buds+,169.99,4,18-24,Female,North America,In-Store,Battery life is outstanding. Wore them all day with no issues.,2023,8,August,169.99,Positive,Positive,0.4215
CUST1024,2024-12-25,Beats Studio Buds+,169.99,3,18-24,Male,North America,Online,Decent headphones for the price. Nothing groundbreaking but solid.,2024,12,December,169.99,Neutral,Negative,-0.1695
CUST1025,2023-10-13,Powerbeats Pro,249.99,2,45-54,Male,Middle East,In-Store,Noise cancellation is underwhelming compared to competitors.,2023,10,October,249.99,Negative,Neutral,0.0
CUST1026,2023-09-06,Beats Flex,49.99,5,45-54,Female,Europe,Online,Seamless connection with my iPhone. Switching devices is effortless.,2023,9,September,49.99,Positive,Neutral,0.0
CUST1027,2024-03-09,Beats Studio Pro,349.99,5,45-54,Female,North America,Online,Incredible sound stage. Music feels alive with these on.,2024,3,March,349.99,Positive,Positive,0.3818
CUST1028,2023-04-22,Beats Studio Pro,349.99,4,25-34,Male,Europe,Third-Party Retailer,Incredible sound stage. Music feels alive with these on.,2023,4,April,349.99,Positive,Positive,0.3818
CUST1029,2024-04-18,Beats Fit Pro,199.99,4,25-34,Male,Latin America,Online,The fit is perfect and they're super comfortable for long sessions.,2024,4,April,199.99,Positive,Positive,0.9246
CUST1030,2023-04-06,Beats Studio Pro,349.99,5,25-34,Male,Latin America,Third-Party Retailer,Absolutely love these headphones! The sound quality is incredible.,2023,4,April,349.99,Positive,Positive,0.6989
CUST1031,2023-03-02,Beats Solo 4,199.99,3,25-34,Female,North America,Third-Party Retailer,Good for everyday use. Not the best for professional audio work.,2023,3,March,199.99,Neutral,Negative,-0.12
CUST1032,2023-10-20,Powerbeats Pro,249.99,5,45-54,Non-Binary,Middle East,Third-Party Retailer,Seamless connection with my iPhone. Switching devices is effortless.,2023,10,October,249.99,Positive,Neutral,0.0
CUST1033,2023-03-01,Beats Fit Pro,199.99,3,55+,Non-Binary,Middle East,Online,Sound is good but I expected a bit more bass at this price point.,2023,3,March,199.99,Neutral,Positive,0.2382
CUST1034,2024-08-21,Beats Flex,49.99,4,45-54,Non-Binary,Middle East,In-Store,Absolutely love these headphones! The sound quality is incredible.,2024,8,August,49.99,Positive,Positive,0.6989
CUST1035,2023-07-10,Beats Studio Pro,349.99,5,18-24,Non-Binary,North America,In-Store,Best purchase I've made this year. Bass is deep and clear.,2023,7,July,349.99,Positive,Positive,0.7783
CUST1036,2023-09-10,Beats Solo 4,199.99,2,55+,Non-Binary,North America,Online,Customer support was unhelpful when I had a problem with my order.,2023,9,September,199.99,Negative,Neutral,0.0
CUST1037,2023-09-25,Beats Solo 4,199.99,5,25-34,Non-Binary,Asia Pacific,In-Store,Incredible sound stage. Music feels alive with these on.,2023,9,September,199.99,Positive,Positive,0.3818
CUST1038,2024-04-13,Powerbeats Pro,249.99,4,35-44,Male,North America,Third-Party Retailer,The fit is perfect and they're super comfortable for long sessions.,2024,4,April,249.99,Positive,Positive,0.9246
CUST1039,2023-03-17,Beats Studio Buds+,169.99,5,55+,Male,Middle East,Apple Store,Best purchase I've made this year. Bass is deep and clear.,2023,3,March,169.99,Positive,Positive,0.7783
CUST1040,2023-09-08,Beats Fit Pro,199.99,5,35-44,Female,Europe,Third-Party Retailer,Best purchase I've made this year. Bass is deep and clear.,2023,9,September,199.99,Positive,Positive,0.7783
CUST1041,2024-11-14,Beats Studio Buds+,169.99,5,55+,Female,North America,In-Store,Absolutely love these headphones! The sound quality is incredible.,2024,11,November,169.99,Positive,Positive,0.6989
CUST1042,2024-07-20,Powerbeats Pro,249.99,2,25-34,Female,Asia Pacific,In-Store,Disappointed with the build quality. Feels cheap for the price.,2024,7,July,249.99,Negative,Negative,-0.4767
CUST1043,2024-06-01,Beats Flex,49.99,4,45-54,Female,North America,Online,The fit is perfect and they're super comfortable for long sessions.,2024,6,June,49.99,Positive,Positive,0.9246
CUST1044,2023-02-15,Beats Flex,49.99,4,18-24,Female,Europe,Apple Store,The fit is perfect and they're super comfortable for long sessions.,2023,2,February,49.99,Positive,Positive,0.9246
CUST1045,2024-07-28,Beats Fit Pro,199.99,5,18-24,Male,North America,In-Store,Fast charging is a game changer. 10 mins gave me 3 hours of playback.,2024,7,July,199.99,Positive,Neutral,0.0
CUST1046,2024-08-19,Beats Studio Buds+,169.99,1,55+,Male,Latin America,In-Store,Had connectivity issues from day one. Very frustrating experience.,2024,8,August,169.99,Negative,Negative,-0.4927
CUST1047,2024-01-02,Beats Studio Pro,349.99,4,25-34,Non-Binary,Europe,Online,Absolutely love these headphones! The sound quality is incredible.,2024,1,January,349.99,Positive,Positive,0.6989
CUST1048,2024-09-27,Powerbeats Pro,249.99,5,25-34,Male,Europe,In-Store,Fast charging is a game changer. 10 mins gave me 3 hours of playback.,2024,9,September,249.99,Positive,Neutral,0.0
CUST1049,2023-12-07,Beats Solo 4,199.99,1,45-54,Non-Binary,Europe,Apple Store,Battery drains faster than advertised. Expected better performance.,2023,12,December,199.99,Negative,Positive,0.4404
CUST1050,2024-01-27,Beats Fit Pro,199.99,5,18-24,Female,Europe,In-Store,Best purchase I've made this year. Bass is deep and clear.,2024,1,January,199.99,Positive,Positive,0.7783
CUST1051,2023-08-17,Beats Solo 4,199.99,4,18-24,Non-Binary,Europe,Third-Party Retailer,Battery life is outstanding. Wore them all day with no issues.,2023,8,August,199.99,Positive,Positive,0.4215
CUST1052,2023-10-13,Powerbeats Pro,249.99,3,35-44,Non-Binary,Middle East,Third-Party Retailer,Decent headphones for the price. Nothing groundbreaking but solid.,2023,10,October,249.99,Neutral,Negative,-0.1695
CUST1053,2023-01-29,Beats Flex,49.99,5,18-24,Female,Europe,Apple Store,Incredible sound stage. Music feels alive with these on.,2023,1,January,49.99,Positive,Positive,0.3818
CUST1054,2023-12-20,Beats Studio Pro,349.99,2,35-44,Female,Middle East,Online,Returned after a week. The bass is too overpowering for my taste.,2023,12,December,349.99,Negative,Neutral,0.0
CUST1055,2023-09-18,Beats Solo 4,199.99,5,18-24,Non-Binary,Latin America,Online,Battery life is outstanding. Wore them all day with no issues.,2023,9,September,199.99,Positive,Positive,0.4215
CUST1056,2024-01-08,Beats Studio Buds+,169.99,5,45-54,Male,Asia Pacific,Apple Store,Battery life is outstanding. Wore them all day with no issues.,2024,1,January,169.99,Positive,Positive,0.4215
CUST1057,2024-06-03,Beats Flex,49.99,5,35-44,Non-Binary,Latin America,Apple Store,The fit is perfect and they're super comfortable for long sessions.,2024,6,June,49.99,Positive,Positive,0.9246
CUST1058,2023-07-16,Beats Solo 4,199.99,5,45-54,Non-Binary,Latin America,In-Store,Premium feel and amazing noise cancellation. Worth every penny.,2023,7,July,199.99,Positive,Positive,0.6908
CUST1059,2024-07-15,Beats Studio Buds+,169.99,4,18-24,Female,Asia Pacific,In-Store,Fast charging is a game changer. 10 mins gave me 3 hours of playback.,2024,7,July,169.99,Positive,Neutral,0.0
CUST1060,2024-04-21,Beats Solo 4,199.99,5,45-54,Female,Europe,Third-Party Retailer,Incredible sound stage. Music feels alive with these on.,2024,4,April,199.99,Positive,Positive,0.3818
CUST1061,2023-10-18,Beats Flex,49.99,3,55+,Non-Binary,Middle East,Apple Store,Decent headphones for the price. Nothing groundbreaking but solid.,2023,10,October,49.99,Neutral,Negative,-0.1695
CUST1062,2024-11-19,Beats Studio Pro,349.99,5,35-44,Male,Europe,In-Store,Battery life is outstanding. Wore them all day with no issues.,2024,11,November,349.99,Positive,Positive,0.4215
CUST1063,2024-09-17,Beats Studio Pro,349.99,1,18-24,Female,Latin America,In-Store,Returned after a week. The bass is too overpowering for my taste.,2024,9,September,349.99,Negative,Neutral,0.0
CUST1064,2024-02-14,Beats Flex,49.99,5,25-34,Male,North America,Online,Seamless connection with my iPhone. Switching devices is effortless.,2024,2,February,49.99,Positive,Neutral,0.0
CUST1065,2024-06-14,Beats Solo 4,199.99,3,45-54,Male,Middle East,In-Store,Comfortable enough but the ear cushions get warm after an hour.,2024,6,June,199.99,Neutral,Positive,0.5423
CUST1066,2024-11-14,Beats Studio Pro,349.99,4,55+,Non-Binary,Middle East,Apple Store,Seamless connection with my iPhone. Switching devices is effortless.,2024,11,November,349.99,Positive,Neutral,0.0
CUST1067,2024-07-15,Beats Solo 4,199.99,4,45-54,Male,Latin America,Third-Party Retailer,Fast charging is a game changer. 10 mins gave me 3 hours of playback.,2024,7,July,199.99,Positive,Neutral,0.0
CUST1068,2024-06-17,Powerbeats Pro,249.99,5,45-54,Non-Binary,Europe,Apple Store,The fit is perfect and they're super comfortable for long sessions.,2024,6,June,249.99,Positive,Positive,0.9246
CUST1069,2023-08-29,Beats Solo 4,199.99,2,35-44,Female,Asia Pacific,Online,Had connectivity issues from day one. Very frustrating experience.,2023,8,August,199.99,Negative,Negative,-0.4927
CUST1070,2024-12-11,Beats Fit Pro,199.99,3,25-34,Non-Binary,Europe,Online,Good for everyday use. Not the best for professional audio work.,2024,12,December,199.99,Neutral,Negative,-0.12
CUST1071,2024-03-01,Beats Solo 4,199.99,4,18-24,Male,Latin America,Third-Party Retailer,Seamless connection with my iPhone. Switching devices is effortless.,2024,3,March,199.99,Positive,Neutral,0.0
CUST1072,2024-08-12,Beats Studio Buds+,169.99,5,45-54,Female,North America,Apple Store,Absolutely love these headphones! The sound quality is incredible.,2024,8,August,169.99,Positive,Positive,0.6989
CUST1073,2024-07-05,Powerbeats Pro,249.99,5,55+,Non-Binary,Europe,Third-Party Retailer,Fast charging is a game changer. 10 mins gave me 3 hours of playback.,2024,7,July,249.99,Positive,Neutral,0.0
CUST1074,2023-01-30,Beats Fit Pro,199.99,3,45-54,Female,Latin America,In-Store,Good for everyday use. Not the best for professional audio work.,2023,1,January,199.99,Neutral,Negative,-0.12
CUST1075,2024-02-08,Beats Solo 4,199.99,5,55+,Non-Binary,North America,Online,Absolutely love these headphones! The sound quality is incredible.,2024,2,February,199.99,Positive,Positive,0.6989
CUST1076,2023-07-06,Beats Flex,49.99,4,18-24,Female,Latin America,Apple Store,Seamless connection with my iPhone. Switching devices is effortless.,2023,7,July,49.99,Positive,Neutral,0.0
CUST1077,2024-01-24,Beats Fit Pro,199.99,4,35-44,Female,Asia Pacific,Online,Incredible sound stage. Music feels alive with these on.,2024,1,January,199.99,Positive,Positive,0.3818
CUST1078,2023-02-23,Beats Solo 4,199.99,1,35-44,Male,North America,Online,Customer support was unhelpful when I had a problem with my order.,2023,2,February,199.99,Negative,Neutral,0.0
CUST1079,2023-01-21,Beats Studio Pro,349.99,5,55+,Male,Europe,In-Store,Battery life is outstanding. Wore them all day with no issues.,2023,1,January,349.99,Positive,Positive,0.4215
CUST1080,2024-04-21,Beats Solo 4,199.99,5,35-44,Female,Europe,Online,Battery life is outstanding. Wore them all day with no issues.,2024,4,April,199.99,Positive,Positive,0.4215
CUST1081,2024-08-15,Beats Fit Pro,199.99,5,18-24,Female,Middle East,Third-Party Retailer,Best purchase I've made this year. Bass is deep and clear.,2024,8,August,199.99,Positive,Positive,0.7783
CUST1082,2023-03-19,Beats Solo 4,199.99,5,55+,Non-Binary,Europe,Online,Battery life is outstanding. Wore them all day with no issues.,2023,3,March,199.99,Positive,Positive,0.4215
CUST1083,2024-08-02,Beats Flex,49.99,5,18-24,Female,Middle East,Third-Party Retailer,Best purchase I've made this year. Bass is deep and clear.,2024,8,August,49.99,Positive,Positive,0.7783
CUST1084,2023-01-13,Beats Flex,49.99,4,45-54,Female,North America,Third-Party Retailer,Incredible sound stage. Music feels alive with these on.,2023,1,January,49.99,Positive,Positive,0.3818
CUST1085,2024-12-25,Powerbeats Pro,249.99,5,25-34,Female,Europe,Apple Store,Seamless connection with my iPhone. Switching devices is effortless.,2024,12,December,249.99,Positive,Neutral,0.0
CUST1086,2024-04-21,Beats Studio Buds+,169.99,5,45-54,Non-Binary,Middle East,Apple Store,Seamless connection with my iPhone. Switching devices is effortless.,2024,4,April,169.99,Positive,Neutral,0.0
CUST1087,2023-10-13,Powerbeats Pro,249.99,5,45-54,Male,Latin America,Third-Party Retailer,Best purchase I've made this year. Bass is deep and clear.,2023,10,October,249.99,Positive,Positive,0.7783
CUST1088,2023-07-06,Powerbeats Pro,249.99,1,45-54,Male,Asia Pacific,Apple Store,Had connectivity issues from day one. Very frustrating experience.,2023,7,July,249.99,Negative,Negative,-0.4927
CUST1089,2024-12-19,Powerbeats Pro,249.99,3,35-44,Non-Binary,North America,In-Store,Average noise cancellation. Works fine in mild environments.,2024,12,December,249.99,Neutral,Positive,0.2023
CUST1090,2024-05-15,Beats Studio Pro,349.99,3,55+,Male,Latin America,Third-Party Retailer,Good for everyday use. Not the best for professional audio work.,2024,5,May,349.99,Neutral,Negative,-0.12
CUST1091,2023-10-29,Beats Solo 4,199.99,5,25-34,Female,Europe,Apple Store,Best purchase I've made this year. Bass is deep and clear.,2023,10,October,199.99,Positive,Positive,0.7783
CUST1092,2024-07-20,Beats Flex,49.99,4,55+,Female,Latin America,Apple Store,Seamless connection with my iPhone. Switching devices is effortless.,2024,7,July,49.99,Positive,Neutral,0.0
CUST1093,2023-11-10,Powerbeats Pro,249.99,5,35-44,Male,North America,In-Store,The fit is perfect and they're super comfortable for long sessions.,2023,11,November,249.99,Positive,Positive,0.9246
CUST1094,2024-12-07,Powerbeats Pro,249.99,2,25-34,Male,Europe,Third-Party Retailer,Customer support was unhelpful when I had a problem with my order.,2024,12,December,249.99,Negative,Neutral,0.0
CUST1095,2023-04-13,Powerbeats Pro,249.99,5,25-34,Female,Europe,Apple Store,The fit is perfect and they're super comfortable for long sessions.,2023,4,April,249.99,Positive,Positive,0.9246
CUST1096,2023-10-08,Beats Fit Pro,199.99,4,18-24,Male,Middle East,Apple Store,Premium feel and amazing noise cancellation. Worth every penny.,2023,10,October,199.99,Positive,Positive,0.6908
CUST1097,2023-04-16,Beats Flex,49.99,5,18-24,Non-Binary,Asia Pacific,Third-Party Retailer,Seamless connection with my iPhone. Switching devices is effortless.,2023,4,April,49.99,Positive,Neutral,0.0
CUST1098,2023-02-22,Beats Solo 4,199.99,4,35-44,Female,North America,Online,Premium feel and amazing noise cancellation. Worth every penny.,2023,2,February,199.99,Positive,Positive,0.6908
CUST1099,2023-06-05,Beats Solo 4,199.99,4,25-34,Non-Binary,Asia Pacific,Online,Absolutely love these headphones! The sound quality is incredible.,2023,6,June,199.99,Positive,Positive,0.6989
CUST1100,2024-09-12,Beats Fit Pro,199.99,2,55+,Non-Binary,Europe,Third-Party Retailer,Returned after a week. The bass is too overpowering for my taste.,2024,9,September,199.99,Negative,Neutral,0.0
CUST1101,2024-08-25,Beats Solo 4,199.99,5,45-54,Female,Middle East,Online,The fit is perfect and they're super comfortable for long sessions.,2024,8,August,199.99,Positive,Positive,0.9246
CUST1102,2023-08-01,Beats Studio Buds+,169.99,5,25-34,Female,North America,In-Store,Best purchase I've made this year. Bass is deep and clear.,2023,8,August,169.99,Positive,Positive,0.7783
CUST1103,2023-06-10,Beats Fit Pro,199.99,3,18-24,Female,Latin America,Third-Party Retailer,Decent headphones for the price. Nothing groundbreaking but solid.,2023,6,June,199.99,Neutral,Negative,-0.1695
CUST1104,2024-12-24,Powerbeats Pro,249.99,1,35-44,Non-Binary,Latin America,Online,Had connectivity issues from day one. Very frustrating experience.,2024,12,December,249.99,Negative,Negative,-0.4927
CUST1105,2024-10-02,Beats Flex,49.99,3,55+,Non-Binary,Europe,Third-Party Retailer,Build quality feels okay. The case could be better designed.,2024,10,October,49.99,Neutral,Positive,0.5859
CUST1106,2023-09-30,Beats Studio Pro,349.99,4,25-34,Male,North America,In-Store,Premium feel and amazing noise cancellation. Worth every penny.,2023,9,September,349.99,Positive,Positive,0.6908
CUST1107,2024-03-25,Powerbeats Pro,249.99,4,18-24,Female,Asia Pacific,Third-Party Retailer,The fit is perfect and they're super comfortable for long sessions.,2024,3,March,249.99,Positive,Positive,0.9246
CUST1108,2024-03-24,Powerbeats Pro,249.99,4,18-24,Non-Binary,North America,Third-Party Retailer,Seamless connection with my iPhone. Switching devices is effortless.,2024,3,March,249.99,Positive,Neutral,0.0
CUST1109,2023-01-27,Beats Flex,49.99,4,18-24,Male,Middle East,Online,The fit is perfect and they're super comfortable for long sessions.,2023,1,January,49.99,Positive,Positive,0.9246
CUST1110,2023-06-29,Beats Flex,49.99,5,45-54,Non-Binary,Latin America,Apple Store,Absolutely love these headphones! The sound quality is incredible.,2023,6,June,49.99,Positive,Positive,0.6989
CUST1111,2024-10-12,Beats Fit Pro,199.99,5,45-54,Male,Latin America,Apple Store,Fast charging is a game changer. 10 mins gave me 3 hours of playback.,2024,10,October,199.99,Positive,Neutral,0.0
CUST1112,2023-06-14,Beats Solo 4,199.99,4,35-44,Female,Latin America,Apple Store,Best purchase I've made this year. Bass is deep and clear.,2023,6,June,199.99,Positive,Positive,0.7783
CUST1113,2024-04-10,Beats Flex,49.99,5,18-24,Female,Asia Pacific,Apple Store,Absolutely love these headphones! The sound quality is incredible.,2024,4,April,49.99,Positive,Positive,0.6989
CUST1114,2024-06-10,Beats Studio Pro,349.99,5,18-24,Non-Binary,Middle East,Third-Party Retailer,Fast charging is a game changer. 10 mins gave me 3 hours of playback.,2024,6,June,349.99,Positive,Neutral,0.0
CUST1115,2024-01-06,Beats Solo 4,199.99,2,55+,Female,Latin America,Online,Customer support was unhelpful when I had a problem with my order.,2024,1,January,199.99,Negative,Neutral,0.0
CUST1116,2023-10-22,Beats Fit Pro,199.99,3,45-54,Non-Binary,Latin America,Online,Sound is good but I expected a bit more bass at this price point.,2023,10,October,199.99,Neutral,Positive,0.2382
CUST1117,2024-12-27,Beats Studio Pro,349.99,5,25-34,Female,Middle East,Online,Battery life is outstanding. Wore them all day with no issues.,2024,12,December,349.99,Positive,Positive,0.4215
CUST1118,2023-04-27,Beats Studio Buds+,169.99,4,45-54,Male,Europe,Third-Party Retailer,Battery life is outstanding. Wore them all day with no issues.,2023,4,April,169.99,Positive,Positive,0.4215
CUST1119,2024-03-01,Beats Flex,49.99,4,45-54,Female,Europe,Third-Party Retailer,The fit is perfect and they're super comfortable for long sessions.,2024,3,March,49.99,Positive,Positive,0.9246
CUST1120,2024-09-05,Beats Studio Buds+,169.99,3,55+,Non-Binary,Europe,Online,Sound is good but I expected a bit more bass at this price point.,2024,9,September,169.99,Neutral,Positive,0.2382
CUST1121,2023-12-15,Powerbeats Pro,249.99,5,55+,Female,North America,Apple Store,Fast charging is a game changer. 10 mins gave me 3 hours of playback.,2023,12,December,249.99,Positive,Neutral,0.0
CUST1122,2023-06-02,Beats Flex,49.99,4,45-54,Non-Binary,Latin America,Apple Store,Seamless connection with my iPhone. Switching devices is effortless.,2023,6,June,49.99,Positive,Neutral,0.0
CUST1123,2024-04-11,Powerbeats Pro,249.99,4,35-44,Male,Europe,Third-Party Retailer,Fast charging is a game changer. 10 mins gave me 3 hours of playback.,2024,4,April,249.99,Positive,Neutral,0.0
CUST1124,2023-02-14,Beats Fit Pro,199.99,5,35-44,Non-Binary,Latin America,Third-Party Retailer,Fast charging is a game changer. 10 mins gave me 3 hours of playback.,2023,2,February,199.99,Positive,Neutral,0.0
CUST1125,2024-05-22,Beats Solo 4,199.99,5,18-24,Male,Middle East,Apple Store,Premium feel and amazing noise cancellation. Worth every penny.,2024,5,May,199.99,Positive,Positive,0.6908
CUST1126,2023-04-13,Beats Studio Pro,349.99,5,55+,Female,North America,In-Store,Seamless connection with my iPhone. Switching devices is effortless.,2023,4,April,349.99,Positive,Neutral,0.0
CUST1127,2023-03-18,Beats Solo 4,199.99,5,45-54,Female,Asia Pacific,Third-Party Retailer,Premium feel and amazing noise cancellation. Worth every penny.,2023,3,March,199.99,Positive,Positive,0.6908
CUST1128,2024-11-21,Beats Flex,49.99,2,55+,Female,Asia Pacific,Third-Party Retailer,Had connectivity issues from day one. Very frustrating experience.,2024,11,November,49.99,Negative,Negative,-0.4927
CUST1129,2023-08-29,Beats Studio Buds+,169.99,1,35-44,Male,North America,Third-Party Retailer,Disappointed with the build quality. Feels cheap for the price.,2023,8,August,169.99,Negative,Negative,-0.4767
CUST1130,2024-03-30,Beats Studio Pro,349.99,5,25-34,Non-Binary,Asia Pacific,Online,Best purchase I've made this year. Bass is deep and clear.,2024,3,March,349.99,Positive,Positive,0.7783
CUST1131,2023-10-28,Beats Studio Pro,349.99,4,35-44,Female,Latin America,In-Store,Absolutely love these headphones! The sound quality is incredible.,2023,10,October,349.99,Positive,Positive,0.6989
CUST1132,2023-06-24,Beats Fit Pro,199.99,4,25-34,Male,Middle East,Third-Party Retailer,Premium feel and amazing noise cancellation. Worth every penny.,2023,6,June,199.99,Positive,Positive,0.6908
CUST1133,2024-08-20,Beats Studio Buds+,169.99,5,25-34,Male,Latin America,Apple Store,Seamless connection with my iPhone. Switching devices is effortless.,2024,8,August,169.99,Positive,Neutral,0.0
CUST1134,2024-04-21,Beats Solo 4,199.99,3,35-44,Non-Binary,Middle East,In-Store,Decent headphones for the price. Nothing groundbreaking but solid.,2024,4,April,199.99,Neutral,Negative,-0.1695
CUST1135,2024-08-24,Beats Studio Pro,349.99,4,35-44,Non-Binary,Latin America,Apple Store,Incredible sound stage. Music feels alive with these on.,2024,8,August,349.99,Positive,Positive,0.3818
CUST1136,2024-01-29,Beats Solo 4,199.99,5,45-54,Male,Europe,Third-Party Retailer,Battery life is outstanding. Wore them all day with no issues.,2024,1,January,199.99,Positive,Positive,0.4215
CUST1137,2024-12-17,Beats Studio Buds+,169.99,4,35-44,Male,Latin America,Apple Store,The fit is perfect and they're super comfortable for long sessions.,2024,12,December,169.99,Positive,Positive,0.9246
CUST1138,2024-09-12,Beats Studio Pro,349.99,4,45-54,Female,Europe,Apple Store,Absolutely love these headphones! The sound quality is incredible.,2024,9,September,349.99,Positive,Positive,0.6989
CUST1139,2024-11-25,Beats Fit Pro,199.99,5,25-34,Non-Binary,North America,Online,The fit is perfect and they're super comfortable for long sessions.,2024,11,November,199.99,Positive,Positive,0.9246
CUST1140,2024-08-16,Powerbeats Pro,249.99,5,35-44,Non-Binary,Europe,Online,Absolutely love these headphones! The sound quality is incredible.,2024,8,August,249.99,Positive,Positive,0.6989
CUST1141,2023-06-29,Powerbeats Pro,249.99,4,25-34,Male,Middle East,Apple Store,Fast charging is a game changer. 10 mins gave me 3 hours of playback.,2023,6,June,249.99,Positive,Neutral,0.0
CUST1142,2023-06-18,Beats Studio Buds+,169.99,4,35-44,Female,Asia Pacific,Apple Store,The fit is perfect and they're super comfortable for long sessions.,2023,6,June,169.99,Positive,Positive,0.9246
CUST1143,2023-05-25,Beats Studio Pro,349.99,4,25-34,Non-Binary,Latin America,Apple Store,Best purchase I've made this year. Bass is deep and clear.,2023,5,May,349.99,Positive,Positive,0.7783
CUST1144,2023-09-28,Beats Studio Pro,349.99,5,55+,Male,Latin America,Apple Store,Absolutely love these headphones! The sound quality is incredible.,2023,9,September,349.99,Positive,Positive,0.6989
CUST1145,2024-08-21,Beats Flex,49.99,5,45-54,Non-Binary,Asia Pacific,Online,The fit is perfect and they're super comfortable for long sessions.,2024,8,August,49.99,Positive,Positive,0.9246
CUST1146,2024-09-26,Beats Flex,49.99,3,55+,Female,Middle East,In-Store,Decent headphones for the price. Nothing groundbreaking but solid.,2024,9,September,49.99,Neutral,Negative,-0.1695
CUST1147,2024-12-18,Beats Flex,49.99,2,35-44,Non-Binary,Latin America,Online,Returned after a week. The bass is too overpowering for my taste.,2024,12,December,49.99,Negative,Neutral,0.0
CUST1148,2023-11-08,Beats Fit Pro,199.99,1,45-54,Male,North America,In-Store,Disappointed with the build quality. Feels cheap for the price.,2023,11,November,199.99,Negative,Negative,-0.4767
CUST1149,2024-01-15,Beats Studio Buds+,169.99,3,55+,Female,Middle East,In-Store,Good for everyday use. Not the best for professional audio work.,2024,1,January,169.99,Neutral,Negative,-0.12
CUST1150,2024-09-22,Beats Solo 4,199.99,5,45-54,Female,North America,Apple Store,Seamless connection with my iPhone. Switching devices is effortless.,2024,9,September,199.99,Positive,Neutral,0.0
CUST1151,2024-01-07,Beats Fit Pro,199.99,4,18-24,Non-Binary,Asia Pacific,Apple Store,Battery life is outstanding. Wore them all day with no issues.,2024,1,January,199.99,Positive,Positive,0.4215
CUST1152,2023-05-06,Beats Studio Pro,349.99,4,45-54,Male,Europe,Online,Battery life is outstanding. Wore them all day with no issues.,2023,5,May,349.99,Positive,Positive,0.4215
CUST1153,2023-05-09,Beats Studio Pro,349.99,5,55+,Male,North America,In-Store,Battery life is outstanding. Wore them all day with no issues.,2023,5,May,349.99,Positive,Positive,0.4215
CUST1154,2023-12-03,Beats Studio Buds+,169.99,3,25-34,Non-Binary,North America,Apple Store,Sound is good but I expected a bit more bass at this price point.,2023,12,December,169.99,Neutral,Positive,0.2382
CUST1155,2023-06-28,Beats Fit Pro,199.99,5,18-24,Non-Binary,North America,In-Store,The fit is perfect and they're super comfortable for long sessions.,2023,6,June,199.99,Positive,Positive,0.9246
CUST1156,2024-08-25,Beats Studio Pro,349.99,4,35-44,Male,Europe,Apple Store,Battery life is outstanding. Wore them all day with no issues.,2024,8,August,349.99,Positive,Positive,0.4215
CUST1157,2024-06-22,Beats Studio Pro,349.99,2,18-24,Non-Binary,North America,Third-Party Retailer,Returned after a week. The bass is too overpowering for my taste.,2024,6,June,349.99,Negative,Neutral,0.0
CUST1158,2024-04-07,Beats Solo 4,199.99,5,55+,Male,Middle East,Online,Best purchase I've made this year. Bass is deep and clear.,2024,4,April,199.99,Positive,Positive,0.7783
CUST1159,2024-04-14,Beats Flex,49.99,5,18-24,Male,Latin America,Third-Party Retailer,The fit is perfect and they're super comfortable for long sessions.,2024,4,April,49.99,Positive,Positive,0.9246
CUST1160,2024-12-30,Beats Solo 4,199.99,5,45-54,Male,North America,Apple Store,Seamless connection with my iPhone. Switching devices is effortless.,2024,12,December,199.99,Positive,Neutral,0.0
CUST1161,2023-10-09,Beats Studio Buds+,169.99,3,55+,Non-Binary,Middle East,Apple Store,Sound is good but I expected a bit more bass at this price point.,2023,10,October,169.99,Neutral,Positive,0.2382
CUST1162,2024-04-09,Beats Solo 4,199.99,5,55+,Non-Binary,Latin America,Online,The fit is perfect and they're super comfortable for long sessions.,2024,4,April,199.99,Positive,Positive,0.9246
CUST1163,2024-10-28,Beats Flex,49.99,2,55+,Non-Binary,Europe,Third-Party Retailer,Battery drains faster than advertised. Expected better performance.,2024,10,October,49.99,Negative,Positive,0.4404
CUST1164,2023-12-14,Beats Solo 4,199.99,5,45-54,Female,Latin America,Online,Fast charging is a game changer. 10 mins gave me 3 hours of playback.,2023,12,December,199.99,Positive,Neutral,0.0
CUST1165,2024-01-19,Powerbeats Pro,249.99,4,25-34,Non-Binary,Latin America,Online,The fit is perfect and they're super comfortable for long sessions.,2024,1,January,249.99,Positive,Positive,0.9246
CUST1166,2024-03-18,Beats Studio Pro,349.99,5,18-24,Non-Binary,Asia Pacific,In-Store,Best purchase I've made this year. Bass is deep and clear.,2024,3,March,349.99,Positive,Positive,0.7783
CUST1167,2024-07-29,Beats Studio Buds+,169.99,2,35-44,Non-Binary,North America,Third-Party Retailer,Customer support was unhelpful when I had a problem with my order.,2024,7,July,169.99,Negative,Neutral,0.0
CUST1168,2023-02-22,Powerbeats Pro,249.99,5,35-44,Non-Binary,Asia Pacific,Apple Store,Fast charging is a game changer. 10 mins gave me 3 hours of playback.,2023,2,February,249.99,Positive,Neutral,0.0
CUST1169,2023-06-08,Beats Studio Pro,349.99,4,45-54,Male,North America,Apple Store,Battery life is outstanding. Wore them all day with no issues.,2023,6,June,349.99,Positive,Positive,0.4215
CUST1170,2024-08-10,Beats Studio Buds+,169.99,4,25-34,Female,Middle East,Online,The fit is perfect and they're super comfortable for long sessions.,2024,8,August,169.99,Positive,Positive,0.9246
CUST1171,2023-01-30,Beats Studio Buds+,169.99,5,25-34,Female,Asia Pacific,Apple Store,The fit is perfect and they're super comfortable for long sessions.,2023,1,January,169.99,Positive,Positive,0.9246
CUST1172,2024-08-02,Powerbeats Pro,249.99,1,45-54,Male,Europe,Online,Noise cancellation is underwhelming compared to competitors.,2024,8,August,249.99,Negative,Neutral,0.0
CUST1173,2024-01-21,Beats Studio Pro,349.99,5,45-54,Female,Asia Pacific,In-Store,Battery life is outstanding. Wore them all day with no issues.,2024,1,January,349.99,Positive,Positive,0.4215
CUST1174,2024-08-04,Powerbeats Pro,249.99,4,55+,Male,North America,In-Store,Incredible sound stage. Music feels alive with these on.,2024,8,August,249.99,Positive,Positive,0.3818
CUST1175,2024-11-21,Beats Fit Pro,199.99,5,18-24,Female,Latin America,Third-Party Retailer,Absolutely love these headphones! The sound quality is incredible.,2024,11,November,199.99,Positive,Positive,0.6989
CUST1176,2023-10-07,Beats Solo 4,199.99,4,25-34,Non-Binary,North America,Apple Store,Fast charging is a game changer. 10 mins gave me 3 hours of playback.,2023,10,October,199.99,Positive,Neutral,0.0
CUST1177,2024-11-25,Beats Solo 4,199.99,2,55+,Female,Middle East,Apple Store,Battery drains faster than advertised. Expected better performance.,2024,11,November,199.99,Negative,Positive,0.4404
CUST1178,2023-02-26,Beats Studio Pro,349.99,3,18-24,Male,Asia Pacific,In-Store,Average noise cancellation. Works fine in mild environments.,2023,2,February,349.99,Neutral,Positive,0.2023
CUST1179,2023-12-02,Beats Fit Pro,199.99,5,18-24,Male,Latin America,Third-Party Retailer,The fit is perfect and they're super comfortable for long sessions.,2023,12,December,199.99,Positive,Positive,0.9246
CUST1180,2024-12-21,Beats Fit Pro,199.99,2,25-34,Non-Binary,Middle East,Apple Store,Customer support was unhelpful when I had a problem with my order.,2024,12,December,199.99,Negative,Neutral,0.0
CUST1181,2024-03-22,Beats Studio Pro,349.99,4,18-24,Female,North America,Apple Store,Absolutely love these headphones! The sound quality is incredible.,2024,3,March,349.99,Positive,Positive,0.6989
CUST1182,2024-12-27,Beats Studio Buds+,169.99,4,45-54,Female,North America,Third-Party Retailer,Fast charging is a game changer. 10 mins gave me 3 hours of playback.,2024,12,December,169.99,Positive,Neutral,0.0
CUST1183,2024-09-24,Beats Studio Pro,349.99,5,45-54,Non-Binary,Asia Pacific,Online,Premium feel and amazing noise cancellation. Worth every penny.,2024,9,September,349.99,Positive,Positive,0.6908
CUST1184,2024-03-22,Beats Solo 4,199.99,5,55+,Female,Middle East,Online,Battery life is outstanding. Wore them all day with no issues.,2024,3,March,199.99,Positive,Positive,0.4215
CUST1185,2023-08-15,Beats Solo 4,199.99,5,35-44,Male,North America,Online,Incredible sound stage. Music feels alive with these on.,2023,8,August,199.99,Positive,Positive,0.3818
CUST1186,2023-12-26,Beats Studio Buds+,169.99,4,25-34,Male,North America,In-Store,Incredible sound stage. Music feels alive with these on.,2023,12,December,169.99,Positive,Positive,0.3818
CUST1187,2023-06-06,Powerbeats Pro,249.99,3,18-24,Male,Latin America,Third-Party Retailer,Average noise cancellation. Works fine in mild environments.,2023,6,June,249.99,Neutral,Positive,0.2023
CUST1188,2024-11-28,Beats Studio Buds+,169.99,5,55+,Non-Binary,Middle East,Apple Store,Seamless connection with my iPhone. Switching devices is effortless.,2024,11,November,169.99,Positive,Neutral,0.0
CUST1189,2023-03-11,Beats Flex,49.99,4,45-54,Female,Asia Pacific,Apple Store,Seamless connection with my iPhone. Switching devices is effortless.,2023,3,March,49.99,Positive,Neutral,0.0
CUST1190,2023-03-17,Beats Studio Buds+,169.99,2,35-44,Female,Latin America,Online,Customer support was unhelpful when I had a problem with my order.,2023,3,March,169.99,Negative,Neutral,0.0
CUST1191,2023-03-20,Beats Studio Pro,349.99,4,18-24,Non-Binary,Middle East,Third-Party Retailer,The fit is perfect and they're super comfortable for long sessions.,2023,3,March,349.99,Positive,Positive,0.9246
CUST1192,2024-04-05,Beats Solo 4,199.99,4,55+,Non-Binary,Europe,Apple Store,Absolutely love these headphones! The sound quality is incredible.,2024,4,April,199.99,Positive,Positive,0.6989
CUST1193,2023-03-05,Beats Studio Buds+,169.99,4,45-54,Male,Asia Pacific,Online,Premium feel and amazing noise cancellation. Worth every penny.,2023,3,March,169.99,Positive,Positive,0.6908
CUST1194,2023-09-11,Beats Studio Buds+,169.99,5,45-54,Female,Middle East,In-Store,Absolutely love these headphones! The sound quality is incredible.,2023,9,September,169.99,Positive,Positive,0.6989
CUST1195,2024-02-01,Powerbeats Pro,249.99,4,45-54,Female,Middle East,Online,The fit is perfect and they're super comfortable for long sessions.,2024,2,February,249.99,Positive,Positive,0.9246
CUST1196,2023-12-04,Beats Flex,49.99,5,18-24,Non-Binary,Latin America,Apple Store,Best purchase I've made this year. Bass is deep and clear.,2023,12,December,49.99,Positive,Positive,0.7783
CUST1197,2023-12-08,Powerbeats Pro,249.99,5,18-24,Non-Binary,Europe,Apple Store,Premium feel and amazing noise cancellation. Worth every penny.,2023,12,December,249.99,Positive,Positive,0.6908
CUST1198,2023-05-13,Powerbeats Pro,249.99,5,55+,Non-Binary,North America,Apple Store,Fast charging is a game changer. 10 mins gave me 3 hours of playback.,2023,5,May,249.99,Positive,Neutral,0.0
CUST1199,2023-05-11,Beats Studio Buds+,169.99,4,55+,Male,Latin America,Apple Store,Incredible sound stage. Music feels alive with these on.,2023,5,May,169.99,Positive,Positive,0.3818
CUST1200,2023-08-08,Beats Studio Pro,349.99,4,35-44,Female,Europe,In-Store,Premium feel and amazing noise cancellation. Worth every penny.,2023,8,August,349.99,Positive,Positive,0.6908
CUST1201,2023-04-14,Beats Fit Pro,199.99,3,55+,Non-Binary,Middle East,Online,Build quality feels okay. The case could be better designed.,2023,4,April,199.99,Neutral,Positive,0.5859
CUST1202,2024-09-03,Beats Flex,49.99,4,45-54,Male,Europe,In-Store,Premium feel and amazing noise cancellation. Worth every penny.,2024,9,September,49.99,Positive,Positive,0.6908
CUST1203,2024-03-24,Beats Flex,49.99,5,18-24,Female,Asia Pacific,In-Store,Premium feel and amazing noise cancellation. Worth every penny.,2024,3,March,49.99,Positive,Positive,0.6908
CUST1204,2023-08-28,Beats Solo 4,199.99,4,55+,Male,Asia Pacific,Third-Party Retailer,Seamless connection with my iPhone. Switching devices is effortless.,2023,8,August,199.99,Positive,Neutral,0.0
CUST1205,2024-04-17,Beats Fit Pro,199.99,4,35-44,Female,Middle East,Third-Party Retailer,Seamless connection with my iPhone. Switching devices is effortless.,2024,4,April,199.99,Positive,Neutral,0.0
CUST1206,2023-09-14,Beats Fit Pro,199.99,5,18-24,Non-Binary,Latin America,Apple Store,Premium feel and amazing noise cancellation. Worth every penny.,2023,9,September,199.99,Positive,Positive,0.6908
CUST1207,2023-10-19,Beats Studio Buds+,169.99,5,18-24,Male,Asia Pacific,Third-Party Retailer,Best purchase I've made this year. Bass is deep and clear.,2023,10,October,169.99,Positive,Positive,0.7783
CUST1208,2023-04-04,Beats Studio Buds+,169.99,3,25-34,Female,Asia Pacific,Online,Good for everyday use. Not the best for professional audio work.,2023,4,April,169.99,Neutral,Negative,-0.12
CUST1209,2024-01-18,Beats Solo 4,199.99,2,25-34,Female,North America,Apple Store,Customer support was unhelpful when I had a problem with my order.,2024,1,January,199.99,Negative,Neutral,0.0
CUST1210,2024-10-27,Beats Fit Pro,199.99,1,35-44,Male,Europe,Online,Disappointed with the build quality. Feels cheap for the price.,2024,10,October,199.99,Negative,Negative,-0.4767
CUST1211,2024-12-13,Powerbeats Pro,249.99,5,25-34,Non-Binary,Latin America,Third-Party Retailer,Seamless connection with my iPhone. Switching devices is effortless.,2024,12,December,249.99,Positive,Neutral,0.0
CUST1212,2023-01-20,Beats Studio Buds+,169.99,1,35-44,Male,Europe,Third-Party Retailer,Disappointed with the build quality. Feels cheap for the price.,2023,1,January,169.99,Negative,Negative,-0.4767
CUST1213,2023-11-05,Beats Studio Pro,349.99,5,18-24,Male,Europe,Third-Party Retailer,Battery life is outstanding. Wore them all day with no issues.,2023,11,November,349.99,Positive,Positive,0.4215
CUST1214,2023-03-06,Beats Flex,49.99,5,18-24,Female,Middle East,Online,Seamless connection with my iPhone. Switching devices is effortless.,2023,3,March,49.99,Positive,Neutral,0.0
CUST1215,2023-05-28,Beats Flex,49.99,4,35-44,Female,North America,Apple Store,Battery life is outstanding. Wore them all day with no issues.,2023,5,May,49.99,Positive,Positive,0.4215
CUST1216,2024-11-11,Beats Fit Pro,199.99,4,18-24,Non-Binary,Asia Pacific,Online,Premium feel and amazing noise cancellation. Worth every penny.,2024,11,November,199.99,Positive,Positive,0.6908
CUST1217,2024-02-04,Beats Studio Buds+,169.99,4,45-54,Male,Latin America,Apple Store,Absolutely love these headphones! The sound quality is incredible.,2024,2,February,169.99,Positive,Positive,0.6989
CUST1218,2023-03-11,Powerbeats Pro,249.99,5,35-44,Male,North America,Apple Store,Incredible sound stage. Music feels alive with these on.,2023,3,March,249.99,Positive,Positive,0.3818
CUST1219,2023-12-13,Beats Fit Pro,199.99,1,25-34,Non-Binary,Latin America,Third-Party Retailer,Customer support was unhelpful when I had a problem with my order.,2023,12,December,199.99,Negative,Neutral,0.0
CUST1220,2023-03-06,Beats Flex,49.99,3,45-54,Male,Asia Pacific,In-Store,Sound is good but I expected a bit more bass at this price point.,2023,3,March,49.99,Neutral,Positive,0.2382
CUST1221,2023-11-20,Beats Studio Pro,349.99,5,35-44,Non-Binary,Latin America,Third-Party Retailer,Absolutely love these headphones! The sound quality is incredible.,2023,11,November,349.99,Positive,Positive,0.6989
CUST1222,2023-07-15,Powerbeats Pro,249.99,1,35-44,Female,North America,Apple Store,Battery drains faster than advertised. Expected better performance.,2023,7,July,249.99,Negative,Positive,0.4404
CUST1223,2024-03-23,Powerbeats Pro,249.99,2,45-54,Non-Binary,Latin America,Third-Party Retailer,Had connectivity issues from day one. Very frustrating experience.,2024,3,March,249.99,Negative,Negative,-0.4927
CUST1224,2024-12-09,Powerbeats Pro,249.99,5,45-54,Female,Middle East,Apple Store,Seamless connection with my iPhone. Switching devices is effortless.,2024,12,December,249.99,Positive,Neutral,0.0
CUST1225,2024-03-16,Beats Studio Pro,349.99,5,55+,Male,Middle East,Apple Store,Best purchase I've made this year. Bass is deep and clear.,2024,3,March,349.99,Positive,Positive,0.7783
CUST1226,2024-11-07,Powerbeats Pro,249.99,2,35-44,Female,Latin America,Third-Party Retailer,Had connectivity issues from day one. Very frustrating experience.,2024,11,November,249.99,Negative,Negative,-0.4927
CUST1227,2024-04-02,Beats Fit Pro,199.99,5,18-24,Non-Binary,Asia Pacific,Third-Party Retailer,Incredible sound stage. Music feels alive with these on.,2024,4,April,199.99,Positive,Positive,0.3818
CUST1228,2023-03-18,Powerbeats Pro,249.99,5,45-54,Female,Middle East,In-Store,Absolutely love these headphones! The sound quality is incredible.,2023,3,March,249.99,Positive,Positive,0.6989
CUST1229,2024-11-25,Beats Studio Pro,349.99,3,45-54,Male,Europe,Online,Average noise cancellation. Works fine in mild environments.,2024,11,November,349.99,Neutral,Positive,0.2023
CUST1230,2024-01-06,Beats Fit Pro,199.99,5,45-54,Non-Binary,North America,In-Store,Incredible sound stage. Music feels alive with these on.,2024,1,January,199.99,Positive,Positive,0.3818
CUST1231,2024-01-16,Beats Flex,49.99,4,45-54,Male,Middle East,In-Store,Incredible sound stage. Music feels alive with these on.,2024,1,January,49.99,Positive,Positive,0.3818
CUST1232,2024-10-27,Beats Studio Buds+,169.99,4,35-44,Male,North America,Online,Incredible sound stage. Music feels alive with these on.,2024,10,October,169.99,Positive,Positive,0.3818
CUST1233,2024-02-01,Beats Flex,49.99,3,55+,Male,Asia Pacific,Apple Store,Average noise cancellation. Works fine in mild environments.,2024,2,February,49.99,Neutral,Positive,0.2023
CUST1234,2024-12-11,Beats Flex,49.99,4,45-54,Male,North America,In-Store,The fit is perfect and they're super comfortable for long sessions.,2024,12,December,49.99,Positive,Positive,0.9246
CUST1235,2023-03-31,Beats Studio Pro,349.99,4,35-44,Non-Binary,Asia Pacific,Online,Seamless connection with my iPhone. Switching devices is effortless.,2023,3,March,349.99,Positive,Neutral,0.0
CUST1236,2023-06-11,Beats Studio Buds+,169.99,4,25-34,Female,Middle East,In-Store,The fit is perfect and they're super comfortable for long sessions.,2023,6,June,169.99,Positive,Positive,0.9246
CUST1237,2023-08-31,Beats Studio Pro,349.99,5,45-54,Male,Asia Pacific,Apple Store,Premium feel and amazing noise cancellation. Worth every penny.,2023,8,August,349.99,Positive,Positive,0.6908
CUST1238,2024-09-18,Beats Solo 4,199.99,5,18-24,Male,Asia Pacific,Third-Party Retailer,Premium feel and amazing noise cancellation. Worth every penny.,2024,9,September,199.99,Positive,Positive,0.6908
CUST1239,2024-02-24,Beats Flex,49.99,5,55+,Male,Europe,Apple Store,Fast charging is a game changer. 10 mins gave me 3 hours of playback.,2024,2,February,49.99,Positive,Neutral,0.0
CUST1240,2024-11-27,Beats Flex,49.99,2,55+,Female,Europe,In-Store,Returned after a week. The bass is too overpowering for my taste.,2024,11,November,49.99,Negative,Neutral,0.0
CUST1241,2023-05-08,Beats Fit Pro,199.99,4,55+,Male,Asia Pacific,In-Store,Absolutely love these headphones! The sound quality is incredible.,2023,5,May,199.99,Positive,Positive,0.6989
CUST1242,2023-12-21,Beats Fit Pro,199.99,4,55+,Female,North America,Apple Store,Battery life is outstanding. Wore them all day with no issues.,2023,12,December,199.99,Positive,Positive,0.4215
CUST1243,2023-05-09,Beats Fit Pro,199.99,5,35-44,Non-Binary,Middle East,Online,The fit is perfect and they're super comfortable for long sessions.,2023,5,May,199.99,Positive,Positive,0.9246
CUST1244,2023-06-25,Beats Studio Buds+,169.99,5,55+,Non-Binary,Middle East,Apple Store,Premium feel and amazing noise cancellation. Worth every penny.,2023,6,June,169.99,Positive,Positive,0.6908
CUST1245,2023-03-25,Beats Studio Buds+,169.99,1,18-24,Non-Binary,Middle East,Apple Store,Disappointed with the build quality. Feels cheap for the price.,2023,3,March,169.99,Negative,Negative,-0.4767
CUST1246,2024-03-02,Beats Flex,49.99,3,55+,Non-Binary,North America,Third-Party Retailer,Average noise cancellation. Works fine in mild environments.,2024,3,March,49.99,Neutral,Positive,0.2023
CUST1247,2024-05-09,Beats Flex,49.99,4,25-34,Non-Binary,Latin America,Apple Store,The fit is perfect and they're super comfortable for long sessions.,2024,5,May,49.99,Positive,Positive,0.9246
CUST1248,2023-06-11,Beats Solo 4,199.99,2,45-54,Female,Latin America,Third-Party Retailer,Disappointed with the build quality. Feels cheap for the price.,2023,6,June,199.99,Negative,Negative,-0.4767
CUST1249,2023-11-17,Beats Fit Pro,199.99,4,35-44,Non-Binary,Asia Pacific,Third-Party Retailer,Premium feel and amazing noise cancellation. Worth every penny.,2023,11,November,199.99,Positive,Positive,0.6908
CUST1250,2023-11-23,Beats Fit Pro,199.99,5,25-34,Female,North America,Apple Store,Best purchase I've made this year. Bass is deep and clear.,2023,11,November,199.99,Positive,Positive,0.7783
CUST1251,2023-02-21,Beats Solo 4,199.99,3,35-44,Female,Middle East,Third-Party Retailer,Decent headphones for the price. Nothing groundbreaking but solid.,2023,2,February,199.99,Neutral,Negative,-0.1695
CUST1252,2023-12-02,Beats Fit Pro,199.99,5,55+,Non-Binary,Asia Pacific,In-Store,Premium feel and amazing noise cancellation. Worth every penny.,2023,12,December,199.99,Positive,Positive,0.6908
CUST1253,2024-05-25,Beats Fit Pro,199.99,4,35-44,Female,North America,Online,Seamless connection with my iPhone. Switching devices is effortless.,2024,5,May,199.99,Positive,Neutral,0.0
CUST1254,2023-08-09,Beats Solo 4,199.99,4,55+,Female,North America,Online,Battery life is outstanding. Wore them all day with no issues.,2023,8,August,199.99,Positive,Positive,0.4215
CUST1255,2023-10-20,Powerbeats Pro,249.99,4,55+,Male,North America,Third-Party Retailer,Seamless connection with my iPhone. Switching devices is effortless.,2023,10,October,249.99,Positive,Neutral,0.0
CUST1256,2024-02-17,Beats Fit Pro,199.99,5,35-44,Male,Latin America,Online,Incredible sound stage. Music feels alive with these on.,2024,2,February,199.99,Positive,Positive,0.3818
CUST1257,2024-07-20,Beats Studio Buds+,169.99,4,35-44,Male,Latin America,Third-Party Retailer,Incredible sound stage. Music feels alive with these on.,2024,7,July,169.99,Positive,Positive,0.3818
CUST1258,2024-11-27,Beats Studio Buds+,169.99,3,55+,Male,Europe,Online,Average noise cancellation. Works fine in mild environments.,2024,11,November,169.99,Neutral,Positive,0.2023
CUST1259,2024-07-25,Beats Solo 4,199.99,4,35-44,Male,Europe,Third-Party Retailer,Incredible sound stage. Music feels alive with these on.,2024,7,July,199.99,Positive,Positive,0.3818
CUST1260,2023-05-21,Beats Studio Buds+,169.99,1,35-44,Female,Middle East,Third-Party Retailer,Disappointed with the build quality. Feels cheap for the price.,2023,5,May,169.99,Negative,Negative,-0.4767
CUST1261,2023-12-02,Beats Fit Pro,199.99,4,55+,Female,Europe,Third-Party Retailer,Premium feel and amazing noise cancellation. Worth every penny.,2023,12,December,199.99,Positive,Positive,0.6908
CUST1262,2024-08-30,Beats Studio Buds+,169.99,5,35-44,Non-Binary,Middle East,Third-Party Retailer,The fit is perfect and they're super comfortable for long sessions.,2024,8,August,169.99,Positive,Positive,0.9246
CUST1263,2023-01-18,Beats Flex,49.99,4,35-44,Female,North America,Third-Party Retailer,Seamless connection with my iPhone. Switching devices is effortless.,2023,1,January,49.99,Positive,Neutral,0.0
CUST1264,2024-09-03,Beats Studio Buds+,169.99,4,45-54,Female,Middle East,In-Store,Absolutely love these headphones! The sound quality is incredible.,2024,9,September,169.99,Positive,Positive,0.6989
CUST1265,2023-06-24,Beats Flex,49.99,2,55+,Non-Binary,Middle East,Third-Party Retailer,Returned after a week. The bass is too overpowering for my taste.,2023,6,June,49.99,Negative,Neutral,0.0
CUST1266,2023-02-02,Beats Fit Pro,199.99,5,55+,Non-Binary,North America,In-Store,Battery life is outstanding. Wore them all day with no issues.,2023,2,February,199.99,Positive,Positive,0.4215
CUST1267,2023-06-05,Beats Studio Pro,349.99,4,45-54,Non-Binary,Europe,Third-Party Retailer,Fast charging is a game changer. 10 mins gave me 3 hours of playback.,2023,6,June,349.99,Positive,Neutral,0.0
CUST1268,2023-03-05,Beats Studio Buds+,169.99,5,25-34,Non-Binary,Europe,Apple Store,Seamless connection with my iPhone. Switching devices is effortless.,2023,3,March,169.99,Positive,Neutral,0.0
CUST1269,2023-11-18,Beats Flex,49.99,4,25-34,Female,Middle East,Apple Store,Fast charging is a game changer. 10 mins gave me 3 hours of playback.,2023,11,November,49.99,Positive,Neutral,0.0
CUST1270,2024-09-16,Beats Studio Buds+,169.99,4,45-54,Male,Europe,Apple Store,The fit is perfect and they're super comfortable for long sessions.,2024,9,September,169.99,Positive,Positive,0.9246
CUST1271,2023-10-23,Beats Studio Buds+,169.99,4,25-34,Non-Binary,Latin America,Apple Store,The fit is perfect and they're super comfortable for long sessions.,2023,10,October,169.99,Positive,Positive,0.9246
CUST1272,2023-10-22,Beats Solo 4,199.99,4,18-24,Non-Binary,Middle East,Third-Party Retailer,The fit is perfect and they're super comfortable for long sessions.,2023,10,October,199.99,Positive,Positive,0.9246
CUST1273,2023-10-25,Beats Solo 4,199.99,5,18-24,Female,North America,Apple Store,Premium feel and amazing noise cancellation. Worth every penny.,2023,10,October,199.99,Positive,Positive,0.6908
CUST1274,2023-08-08,Beats Solo 4,199.99,5,25-34,Non-Binary,Asia Pacific,Apple Store,Seamless connection with my iPhone. Switching devices is effortless.,2023,8,August,199.99,Positive,Neutral,0.0
CUST1275,2024-08-23,Beats Fit Pro,199.99,2,25-34,Male,North America,In-Store,Battery drains faster than advertised. Expected better performance.,2024,8,August,199.99,Negative,Positive,0.4404
CUST1276,2024-02-28,Beats Flex,49.99,3,35-44,Non-Binary,Latin America,Online,Decent headphones for the price. Nothing groundbreaking but solid.,2024,2,February,49.99,Neutral,Negative,-0.1695
CUST1277,2024-07-17,Beats Flex,49.99,5,25-34,Female,Latin America,Third-Party Retailer,Absolutely love these headphones! The sound quality is incredible.,2024,7,July,49.99,Positive,Positive,0.6989
CUST1278,2023-11-25,Beats Flex,49.99,3,35-44,Non-Binary,North America,Online,Build quality feels okay. The case could be better designed.,2023,11,November,49.99,Neutral,Positive,0.5859
CUST1279,2023-06-29,Beats Flex,49.99,4,45-54,Male,North America,Third-Party Retailer,Absolutely love these headphones! The sound quality is incredible.,2023,6,June,49.99,Positive,Positive,0.6989
CUST1280,2023-10-24,Beats Solo 4,199.99,3,18-24,Male,Asia Pacific,Online,Comfortable enough but the ear cushions get warm after an hour.,2023,10,October,199.99,Neutral,Positive,0.5423
CUST1281,2023-05-18,Powerbeats Pro,249.99,4,55+,Female,Asia Pacific,In-Store,Seamless connection with my iPhone. Switching devices is effortless.,2023,5,May,249.99,Positive,Neutral,0.0
CUST1282,2024-10-25,Beats Studio Pro,349.99,4,35-44,Non-Binary,Europe,Online,Seamless connection with my iPhone. Switching devices is effortless.,2024,10,October,349.99,Positive,Neutral,0.0
CUST1283,2024-08-04,Beats Flex,49.99,4,25-34,Male,Middle East,Third-Party Retailer,The fit is perfect and they're super comfortable for long sessions.,2024,8,August,49.99,Positive,Positive,0.9246
CUST1284,2024-02-15,Beats Solo 4,199.99,4,18-24,Male,Europe,Third-Party Retailer,Best purchase I've made this year. Bass is deep and clear.,2024,2,February,199.99,Positive,Positive,0.7783
CUST1285,2023-09-25,Powerbeats Pro,249.99,5,45-54,Male,Latin America,Apple Store,Absolutely love these headphones! The sound quality is incredible.,2023,9,September,249.99,Positive,Positive,0.6989
CUST1286,2023-09-25,Powerbeats Pro,249.99,4,35-44,Non-Binary,Europe,Online,Absolutely love these headphones! The sound quality is incredible.,2023,9,September,249.99,Positive,Positive,0.6989
CUST1287,2023-06-13,Beats Flex,49.99,2,45-54,Non-Binary,Middle East,Apple Store,Had connectivity issues from day one. Very frustrating experience.,2023,6,June,49.99,Negative,Negative,-0.4927
CUST1288,2024-01-12,Beats Flex,49.99,2,55+,Male,Europe,In-Store,Had connectivity issues from day one. Very frustrating experience.,2024,1,January,49.99,Negative,Negative,-0.4927
CUST1289,2024-09-12,Beats Solo 4,199.99,3,35-44,Female,Middle East,Third-Party Retailer,Comfortable enough but the ear cushions get warm after an hour.,2024,9,September,199.99,Neutral,Positive,0.5423
CUST1290,2023-09-11,Beats Studio Buds+,169.99,5,55+,Male,Middle East,Third-Party Retailer,Battery life is outstanding. Wore them all day with no issues.,2023,9,September,169.99,Positive,Positive,0.4215
CUST1291,2024-07-31,Beats Studio Buds+,169.99,5,18-24,Male,Middle East,In-Store,Best purchase I've made this year. Bass is deep and clear.,2024,7,July,169.99,Positive,Positive,0.7783
CUST1292,2023-12-02,Beats Studio Buds+,169.99,4,55+,Female,North America,In-Store,Premium feel and amazing noise cancellation. Worth every penny.,2023,12,December,169.99,Positive,Positive,0.6908
CUST1293,2024-06-06,Beats Flex,49.99,4,45-54,Male,Latin America,In-Store,Best purchase I've made this year. Bass is deep and clear.,2024,6,June,49.99,Positive,Positive,0.7783
CUST1294,2024-07-26,Beats Studio Buds+,169.99,4,45-54,Non-Binary,Asia Pacific,Online,Absolutely love these headphones! The sound quality is incredible.,2024,7,July,169.99,Positive,Positive,0.6989
CUST1295,2023-08-12,Beats Solo 4,199.99,3,55+,Male,North America,Third-Party Retailer,Decent headphones for the price. Nothing groundbreaking but solid.,2023,8,August,199.99,Neutral,Negative,-0.1695
CUST1296,2023-03-12,Powerbeats Pro,249.99,5,45-54,Male,Asia Pacific,Third-Party Retailer,Absolutely love these headphones! The sound quality is incredible.,2023,3,March,249.99,Positive,Positive,0.6989
CUST1297,2024-01-19,Beats Fit Pro,199.99,5,45-54,Female,Latin America,Third-Party Retailer,Fast charging is a game changer. 10 mins gave me 3 hours of playback.,2024,1,January,199.99,Positive,Neutral,0.0
CUST1298,2024-10-31,Beats Studio Pro,349.99,5,35-44,Male,Europe,Third-Party Retailer,Premium feel and amazing noise cancellation. Worth every penny.,2024,10,October,349.99,Positive,Positive,0.6908
CUST1299,2023-01-04,Beats Studio Buds+,169.99,2,18-24,Female,Latin America,Third-Party Retailer,Noise cancellation is underwhelming compared to competitors.,2023,1,January,169.99,Negative,Neutral,0.0
CUST1300,2023-09-11,Beats Studio Buds+,169.99,4,45-54,Female,Europe,Apple Store,Battery life is outstanding. Wore them all day with no issues.,2023,9,September,169.99,Positive,Positive,0.4215
CUST1301,2023-02-02,Beats Fit Pro,199.99,5,45-54,Non-Binary,North America,In-Store,Best purchase I've made this year. Bass is deep and clear.,2023,2,February,199.99,Positive,Positive,0.7783
CUST1302,2023-02-04,Beats Fit Pro,199.99,2,45-54,Non-Binary,North America,In-Store,Customer support was unhelpful when I had a problem with my order.,2023,2,February,199.99,Negative,Neutral,0.0
CUST1303,2023-08-28,Beats Flex,49.99,1,55+,Male,North America,In-Store,Returned after a week. The bass is too overpowering for my taste.,2023,8,August,49.99,Negative,Neutral,0.0
CUST1304,2024-08-12,Beats Studio Buds+,169.99,5,35-44,Non-Binary,Middle East,Apple Store,Battery life is outstanding. Wore them all day with no issues.,2024,8,August,169.99,Positive,Positive,0.4215
CUST1305,2024-11-07,Beats Fit Pro,199.99,4,55+,Male,Latin America,Apple Store,Premium feel and amazing noise cancellation. Worth every penny.,2024,11,November,199.99,Positive,Positive,0.6908
CUST1306,2023-06-29,Powerbeats Pro,249.99,2,45-54,Non-Binary,Latin America,Online,Customer support was unhelpful when I had a problem with my order.,2023,6,June,249.99,Negative,Neutral,0.0
CUST1307,2024-06-21,Powerbeats Pro,249.99,5,35-44,Non-Binary,Latin America,Third-Party Retailer,Fast charging is a game changer. 10 mins gave me 3 hours of playback.,2024,6,June,249.99,Positive,Neutral,0.0
CUST1308,2024-07-04,Beats Fit Pro,199.99,4,45-54,Male,Europe,Apple Store,Premium feel and amazing noise cancellation. Worth every penny.,2024,7,July,199.99,Positive,Positive,0.6908
CUST1309,2023-03-01,Beats Flex,49.99,3,55+,Female,Latin America,In-Store,Good for everyday use. Not the best for professional audio work.,2023,3,March,49.99,Neutral,Negative,-0.12
CUST1310,2023-12-05,Beats Solo 4,199.99,3,18-24,Female,Asia Pacific,Online,Sound is good but I expected a bit more bass at this price point.,2023,12,December,199.99,Neutral,Positive,0.2382
CUST1311,2023-02-22,Beats Studio Buds+,169.99,5,35-44,Female,Middle East,Online,Battery life is outstanding. Wore them all day with no issues.,2023,2,February,169.99,Positive,Positive,0.4215
CUST1312,2024-11-18,Beats Studio Pro,349.99,3,55+,Male,Latin America,In-Store,Average noise cancellation. Works fine in mild environments.,2024,11,November,349.99,Neutral,Positive,0.2023
CUST1313,2023-08-05,Powerbeats Pro,249.99,4,25-34,Non-Binary,North America,Third-Party Retailer,Absolutely love these headphones! The sound quality is incredible.,2023,8,August,249.99,Positive,Positive,0.6989
CUST1314,2024-02-11,Beats Fit Pro,199.99,5,25-34,Non-Binary,Asia Pacific,Apple Store,Battery life is outstanding. Wore them all day with no issues.,2024,2,February,199.99,Positive,Positive,0.4215
CUST1315,2023-11-12,Beats Solo 4,199.99,4,35-44,Female,Middle East,Third-Party Retailer,Incredible sound stage. Music feels alive with these on.,2023,11,November,199.99,Positive,Positive,0.3818
CUST1316,2024-04-25,Beats Solo 4,199.99,2,35-44,Male,Asia Pacific,Apple Store,Battery drains faster than advertised. Expected better performance.,2024,4,April,199.99,Negative,Positive,0.4404
CUST1317,2023-05-30,Beats Solo 4,199.99,1,18-24,Female,Middle East,Third-Party Retailer,Noise cancellation is underwhelming compared to competitors.,2023,5,May,199.99,Negative,Neutral,0.0
CUST1318,2023-08-24,Powerbeats Pro,249.99,3,45-54,Non-Binary,Europe,Third-Party Retailer,Build quality feels okay. The case could be better designed.,2023,8,August,249.99,Neutral,Positive,0.5859
CUST1319,2023-09-21,Beats Studio Buds+,169.99,5,45-54,Non-Binary,Latin America,Third-Party Retailer,Incredible sound stage. Music feels alive with these on.,2023,9,September,169.99,Positive,Positive,0.3818
CUST1320,2023-06-23,Beats Fit Pro,199.99,5,25-34,Non-Binary,Middle East,Third-Party Retailer,Incredible sound stage. Music feels alive with these on.,2023,6,June,199.99,Positive,Positive,0.3818
CUST1321,2024-06-20,Beats Fit Pro,199.99,5,18-24,Male,North America,Online,Absolutely love these headphones! The sound quality is incredible.,2024,6,June,199.99,Positive,Positive,0.6989
CUST1322,2023-08-25,Beats Solo 4,199.99,3,18-24,Non-Binary,Europe,Online,Comfortable enough but the ear cushions get warm after an hour.,2023,8,August,199.99,Neutral,Positive,0.5423
CUST1323,2023-03-03,Beats Fit Pro,199.99,4,55+,Non-Binary,Middle East,Third-Party Retailer,Incredible sound stage. Music feels alive with these on.,2023,3,March,199.99,Positive,Positive,0.3818
CUST1324,2024-06-28,Beats Flex,49.99,4,55+,Female,North America,Online,Absolutely love these headphones! The sound quality is incredible.,2024,6,June,49.99,Positive,Positive,0.6989
CUST1325,2023-01-18,Beats Studio Buds+,169.99,5,55+,Non-Binary,Latin America,In-Store,The fit is perfect and they're super comfortable for long sessions.,2023,1,January,169.99,Positive,Positive,0.9246
CUST1326,2023-09-04,Beats Studio Pro,349.99,5,25-34,Non-Binary,Middle East,Apple Store,Premium feel and amazing noise cancellation. Worth every penny.,2023,9,September,349.99,Positive,Positive,0.6908
CUST1327,2023-03-22,Powerbeats Pro,249.99,3,35-44,Female,Latin America,In-Store,Good for everyday use. Not the best for professional audio work.,2023,3,March,249.99,Neutral,Negative,-0.12
CUST1328,2023-03-24,Beats Flex,49.99,3,18-24,Male,Latin America,Third-Party Retailer,Comfortable enough but the ear cushions get warm after an hour.,2023,3,March,49.99,Neutral,Positive,0.5423
CUST1329,2024-10-14,Beats Solo 4,199.99,4,18-24,Non-Binary,Europe,Online,Absolutely love these headphones! The sound quality is incredible.,2024,10,October,199.99,Positive,Positive,0.6989
CUST1330,2024-08-02,Beats Solo 4,199.99,5,18-24,Non-Binary,North America,In-Store,Incredible sound stage. Music feels alive with these on.,2024,8,August,199.99,Positive,Positive,0.3818
CUST1331,2023-10-05,Beats Fit Pro,199.99,5,18-24,Male,Asia Pacific,Online,Seamless connection with my iPhone. Switching devices is effortless.,2023,10,October,199.99,Positive,Neutral,0.0
CUST1332,2023-01-17,Beats Fit Pro,199.99,5,25-34,Non-Binary,Europe,Third-Party Retailer,Incredible sound stage. Music feels alive with these on.,2023,1,January,199.99,Positive,Positive,0.3818
CUST1333,2024-08-03,Beats Studio Pro,349.99,4,45-54,Non-Binary,Middle East,Apple Store,Battery life is outstanding. Wore them all day with no issues.,2024,8,August,349.99,Positive,Positive,0.4215
CUST1334,2024-12-06,Beats Solo 4,199.99,5,18-24,Non-Binary,Asia Pacific,Online,Premium feel and amazing noise cancellation. Worth every penny.,2024,12,December,199.99,Positive,Positive,0.6908
CUST1335,2023-12-15,Beats Studio Pro,349.99,4,55+,Non-Binary,Middle East,Third-Party Retailer,Best purchase I've made this year. Bass is deep and clear.,2023,12,December,349.99,Positive,Positive,0.7783
CUST1336,2024-04-06,Powerbeats Pro,249.99,1,45-54,Male,Asia Pacific,Third-Party Retailer,Had connectivity issues from day one. Very frustrating experience.,2024,4,April,249.99,Negative,Negative,-0.4927
CUST1337,2024-11-07,Beats Solo 4,199.99,3,45-54,Male,Middle East,Apple Store,Average noise cancellation. Works fine in mild environments.,2024,11,November,199.99,Neutral,Positive,0.2023
CUST1338,2023-10-02,Beats Fit Pro,199.99,5,25-34,Female,Europe,Third-Party Retailer,Best purchase I've made this year. Bass is deep and clear.,2023,10,October,199.99,Positive,Positive,0.7783
CUST1339,2023-01-06,Powerbeats Pro,249.99,4,35-44,Female,Asia Pacific,Apple Store,Best purchase I've made this year. Bass is deep and clear.,2023,1,January,249.99,Positive,Positive,0.7783
CUST1340,2024-03-17,Beats Studio Pro,349.99,3,45-54,Non-Binary,Middle East,Third-Party Retailer,Sound is good but I expected a bit more bass at this price point.,2024,3,March,349.99,Neutral,Positive,0.2382
CUST1341,2024-07-21,Beats Studio Pro,349.99,1,18-24,Non-Binary,Middle East,Apple Store,Had connectivity issues from day one. Very frustrating experience.,2024,7,July,349.99,Negative,Negative,-0.4927
CUST1342,2024-02-02,Beats Solo 4,199.99,1,18-24,Non-Binary,Middle East,In-Store,Returned after a week. The bass is too overpowering for my taste.,2024,2,February,199.99,Negative,Neutral,0.0
CUST1343,2023-06-23,Beats Studio Buds+,169.99,4,25-34,Female,Asia Pacific,Apple Store,Fast charging is a game changer. 10 mins gave me 3 hours of playback.,2023,6,June,169.99,Positive,Neutral,0.0
CUST1344,2024-03-21,Beats Solo 4,199.99,3,35-44,Female,Asia Pacific,Third-Party Retailer,Sound is good but I expected a bit more bass at this price point.,2024,3,March,199.99,Neutral,Positive,0.2382
CUST1345,2024-10-02,Beats Studio Pro,349.99,4,45-54,Non-Binary,Middle East,In-Store,Battery life is outstanding. Wore them all day with no issues.,2024,10,October,349.99,Positive,Positive,0.4215
CUST1346,2023-01-07,Beats Solo 4,199.99,2,45-54,Female,Middle East,Third-Party Retailer,Had connectivity issues from day one. Very frustrating experience.,2023,1,January,199.99,Negative,Negative,-0.4927
CUST1347,2024-10-28,Powerbeats Pro,249.99,4,55+,Male,Asia Pacific,Apple Store,Fast charging is a game changer. 10 mins gave me 3 hours of playback.,2024,10,October,249.99,Positive,Neutral,0.0
CUST1348,2024-05-05,Beats Studio Buds+,169.99,5,35-44,Male,Latin America,Apple Store,Battery life is outstanding. Wore them all day with no issues.,2024,5,May,169.99,Positive,Positive,0.4215
CUST1349,2024-08-12,Powerbeats Pro,249.99,5,25-34,Female,Latin America,Apple Store,Seamless connection with my iPhone. Switching devices is effortless.,2024,8,August,249.99,Positive,Neutral,0.0
CUST1350,2024-08-29,Beats Solo 4,199.99,4,55+,Male,Middle East,Online,Battery life is outstanding. Wore them all day with no issues.,2024,8,August,199.99,Positive,Positive,0.4215
CUST1351,2024-03-24,Beats Flex,49.99,4,35-44,Non-Binary,North America,Third-Party Retailer,Battery life is outstanding. Wore them all day with no issues.,2024,3,March,49.99,Positive,Positive,0.4215
CUST1352,2023-09-05,Beats Flex,49.99,4,35-44,Non-Binary,Europe,Third-Party Retailer,The fit is perfect and they're super comfortable for long sessions.,2023,9,September,49.99,Positive,Positive,0.9246
CUST1353,2024-05-05,Beats Solo 4,199.99,2,55+,Female,Middle East,Third-Party Retailer,Customer support was unhelpful when I had a problem with my order.,2024,5,May,199.99,Negative,Neutral,0.0
CUST1354,2024-12-19,Beats Studio Buds+,169.99,1,55+,Non-Binary,North America,Online,Had connectivity issues from day one. Very frustrating experience.,2024,12,December,169.99,Negative,Negative,-0.4927
CUST1355,2023-06-20,Beats Fit Pro,199.99,5,55+,Male,Middle East,Third-Party Retailer,Incredible sound stage. Music feels alive with these on.,2023,6,June,199.99,Positive,Positive,0.3818
CUST1356,2023-04-19,Powerbeats Pro,249.99,5,18-24,Male,Asia Pacific,In-Store,Fast charging is a game changer. 10 mins gave me 3 hours of playback.,2023,4,April,249.99,Positive,Neutral,0.0
CUST1357,2024-04-01,Beats Studio Buds+,169.99,5,35-44,Female,Latin America,In-Store,Battery life is outstanding. Wore them all day with no issues.,2024,4,April,169.99,Positive,Positive,0.4215
CUST1358,2023-04-18,Powerbeats Pro,249.99,5,35-44,Female,North America,Online,Seamless connection with my iPhone. Switching devices is effortless.,2023,4,April,249.99,Positive,Neutral,0.0
CUST1359,2023-12-18,Beats Flex,49.99,3,45-54,Male,Middle East,Third-Party Retailer,Build quality feels okay. The case could be better designed.,2023,12,December,49.99,Neutral,Positive,0.5859
CUST1360,2024-12-14,Powerbeats Pro,249.99,4,45-54,Female,North America,Apple Store,Seamless connection with my iPhone. Switching devices is effortless.,2024,12,December,249.99,Positive,Neutral,0.0
CUST1361,2023-01-24,Beats Studio Pro,349.99,5,35-44,Non-Binary,North America,In-Store,Best purchase I've made this year. Bass is deep and clear.,2023,1,January,349.99,Positive,Positive,0.7783
CUST1362,2024-07-19,Beats Flex,49.99,3,25-34,Female,Middle East,Third-Party Retailer,Sound is good but I expected a bit more bass at this price point.,2024,7,July,49.99,Neutral,Positive,0.2382
CUST1363,2024-10-06,Beats Solo 4,199.99,3,25-34,Male,Latin America,Third-Party Retailer,Good for everyday use. Not the best for professional audio work.,2024,10,October,199.99,Neutral,Negative,-0.12
CUST1364,2024-04-05,Beats Studio Pro,349.99,5,55+,Female,Latin America,Online,Battery life is outstanding. Wore them all day with no issues.,2024,4,April,349.99,Positive,Positive,0.4215
CUST1365,2024-12-21,Beats Flex,49.99,3,18-24,Non-Binary,North America,In-Store,Build quality feels okay. The case could be better designed.,2024,12,December,49.99,Neutral,Positive,0.5859
CUST1366,2023-04-27,Powerbeats Pro,249.99,4,35-44,Non-Binary,Latin America,Apple Store,Seamless connection with my iPhone. Switching devices is effortless.,2023,4,April,249.99,Positive,Neutral,0.0
CUST1367,2024-08-24,Beats Studio Buds+,169.99,4,18-24,Female,Asia Pacific,Third-Party Retailer,Fast charging is a game changer. 10 mins gave me 3 hours of playback.,2024,8,August,169.99,Positive,Neutral,0.0
CUST1368,2024-12-23,Beats Studio Buds+,169.99,3,35-44,Non-Binary,Middle East,Online,Comfortable enough but the ear cushions get warm after an hour.,2024,12,December,169.99,Neutral,Positive,0.5423
CUST1369,2023-09-02,Beats Flex,49.99,3,35-44,Male,Europe,Apple Store,Decent headphones for the price. Nothing groundbreaking but solid.,2023,9,September,49.99,Neutral,Negative,-0.1695
CUST1370,2024-03-04,Beats Flex,49.99,3,55+,Male,Middle East,Third-Party Retailer,Good for everyday use. Not the best for professional audio work.,2024,3,March,49.99,Neutral,Negative,-0.12
CUST1371,2024-07-04,Beats Solo 4,199.99,3,25-34,Non-Binary,Europe,Third-Party Retailer,Comfortable enough but the ear cushions get warm after an hour.,2024,7,July,199.99,Neutral,Positive,0.5423
CUST1372,2024-04-06,Powerbeats Pro,249.99,3,55+,Male,Asia Pacific,Online,Build quality feels okay. The case could be better designed.,2024,4,April,249.99,Neutral,Positive,0.5859
CUST1373,2024-07-29,Beats Solo 4,199.99,3,55+,Non-Binary,Latin America,Third-Party Retailer,Good for everyday use. Not the best for professional audio work.,2024,7,July,199.99,Neutral,Negative,-0.12
CUST1374,2024-05-15,Beats Flex,49.99,4,25-34,Male,Middle East,Online,Seamless connection with my iPhone. Switching devices is effortless.,2024,5,May,49.99,Positive,Neutral,0.0
CUST1375,2023-08-19,Beats Fit Pro,199.99,4,55+,Female,Europe,Third-Party Retailer,The fit is perfect and they're super comfortable for long sessions.,2023,8,August,199.99,Positive,Positive,0.9246
CUST1376,2024-07-16,Beats Studio Buds+,169.99,5,55+,Male,Middle East,Online,Seamless connection with my iPhone. Switching devices is effortless.,2024,7,July,169.99,Positive,Neutral,0.0
CUST1377,2024-07-09,Powerbeats Pro,249.99,5,18-24,Non-Binary,Latin America,In-Store,Incredible sound stage. Music feels alive with these on.,2024,7,July,249.99,Positive,Positive,0.3818
CUST1378,2023-09-11,Beats Solo 4,199.99,2,35-44,Male,Latin America,Apple Store,Battery drains faster than advertised. Expected better performance.,2023,9,September,199.99,Negative,Positive,0.4404
CUST1379,2024-03-25,Powerbeats Pro,249.99,5,18-24,Male,Europe,Apple Store,Best purchase I've made this year. Bass is deep and clear.,2024,3,March,249.99,Positive,Positive,0.7783
CUST1380,2023-06-19,Beats Flex,49.99,4,55+,Male,Europe,In-Store,Fast charging is a game changer. 10 mins gave me 3 hours of playback.,2023,6,June,49.99,Positive,Neutral,0.0
CUST1381,2024-09-03,Beats Studio Pro,349.99,4,55+,Male,Asia Pacific,Apple Store,The fit is perfect and they're super comfortable for long sessions.,2024,9,September,349.99,Positive,Positive,0.9246
CUST1382,2023-05-19,Powerbeats Pro,249.99,4,45-54,Male,Asia Pacific,In-Store,Best purchase I've made this year. Bass is deep and clear.,2023,5,May,249.99,Positive,Positive,0.7783
CUST1383,2023-05-30,Beats Flex,49.99,5,35-44,Male,Latin America,Third-Party Retailer,Battery life is outstanding. Wore them all day with no issues.,2023,5,May,49.99,Positive,Positive,0.4215
CUST1384,2024-10-04,Beats Fit Pro,199.99,4,45-54,Female,Latin America,Online,The fit is perfect and they're super comfortable for long sessions.,2024,10,October,199.99,Positive,Positive,0.9246
CUST1385,2024-02-17,Beats Flex,49.99,5,55+,Non-Binary,Asia Pacific,Apple Store,Best purchase I've made this year. Bass is deep and clear.,2024,2,February,49.99,Positive,Positive,0.7783
CUST1386,2024-08-18,Beats Solo 4,199.99,5,18-24,Non-Binary,North America,Third-Party Retailer,Incredible sound stage. Music feels alive with these on.,2024,8,August,199.99,Positive,Positive,0.3818
CUST1387,2023-03-06,Beats Flex,49.99,5,55+,Female,Europe,Third-Party Retailer,Incredible sound stage. Music feels alive with these on.,2023,3,March,49.99,Positive,Positive,0.3818
CUST1388,2023-10-18,Beats Fit Pro,199.99,4,35-44,Non-Binary,Middle East,In-Store,Incredible sound stage. Music feels alive with these on.,2023,10,October,199.99,Positive,Positive,0.3818
CUST1389,2024-11-29,Beats Studio Buds+,169.99,5,18-24,Male,North America,Third-Party Retailer,Incredible sound stage. Music feels alive with these on.,2024,11,November,169.99,Positive,Positive,0.3818
CUST1390,2024-03-27,Beats Studio Pro,349.99,2,45-54,Male,Latin America,In-Store,Noise cancellation is underwhelming compared to competitors.,2024,3,March,349.99,Negative,Neutral,0.0
CUST1391,2023-06-12,Beats Flex,49.99,5,35-44,Male,Asia Pacific,Apple Store,The fit is perfect and they're super comfortable for long sessions.,2023,6,June,49.99,Positive,Positive,0.9246
CUST1392,2023-02-23,Beats Studio Pro,349.99,4,45-54,Non-Binary,Asia Pacific,In-Store,Premium feel and amazing noise cancellation. Worth every penny.,2023,2,February,349.99,Positive,Positive,0.6908
CUST1393,2023-01-02,Beats Solo 4,199.99,5,25-34,Female,North America,In-Store,Best purchase I've made this year. Bass is deep and clear.,2023,1,January,199.99,Positive,Positive,0.7783
CUST1394,2024-03-31,Beats Studio Buds+,169.99,3,18-24,Male,Asia Pacific,Online,Comfortable enough but the ear cushions get warm after an hour.,2024,3,March,169.99,Neutral,Positive,0.5423
CUST1395,2023-03-14,Beats Solo 4,199.99,5,25-34,Female,North America,Online,Seamless connection with my iPhone. Switching devices is effortless.,2023,3,March,199.99,Positive,Neutral,0.0
CUST1396,2023-05-21,Beats Studio Pro,349.99,4,45-54,Male,Europe,Online,The fit is perfect and they're super comfortable for long sessions.,2023,5,May,349.99,Positive,Positive,0.9246
CUST1397,2024-03-26,Beats Studio Buds+,169.99,4,35-44,Non-Binary,Europe,In-Store,Premium feel and amazing noise cancellation. Worth every penny.,2024,3,March,169.99,Positive,Positive,0.6908
CUST1398,2023-08-11,Beats Solo 4,199.99,4,18-24,Male,Europe,Online,Seamless connection with my iPhone. Switching devices is effortless.,2023,8,August,199.99,Positive,Neutral,0.0
CUST1399,2024-03-15,Beats Studio Buds+,169.99,5,35-44,Male,Europe,Apple Store,Incredible sound stage. Music feels alive with these on.,2024,3,March,169.99,Positive,Positive,0.3818
CUST1400,2024-09-07,Beats Flex,49.99,2,55+,Non-Binary,Middle East,Apple Store,Customer support was unhelpful when I had a problem with my order.,2024,9,September,49.99,Negative,Neutral,0.0
CUST1401,2023-11-05,Beats Flex,49.99,1,25-34,Non-Binary,Middle East,In-Store,Battery drains faster than advertised. Expected better performance.,2023,11,November,49.99,Negative,Positive,0.4404
CUST1402,2023-09-03,Beats Flex,49.99,4,45-54,Female,North America,In-Store,Absolutely love these headphones! The sound quality is incredible.,2023,9,September,49.99,Positive,Positive,0.6989
CUST1403,2024-06-24,Beats Solo 4,199.99,5,18-24,Female,Asia Pacific,In-Store,Best purchase I've made this year. Bass is deep and clear.,2024,6,June,199.99,Positive,Positive,0.7783
CUST1404,2024-01-10,Beats Solo 4,199.99,5,55+,Non-Binary,Europe,Third-Party Retailer,Fast charging is a game changer. 10 mins gave me 3 hours of playback.,2024,1,January,199.99,Positive,Neutral,0.0
CUST1405,2023-01-15,Beats Studio Pro,349.99,1,35-44,Male,North America,Online,Disappointed with the build quality. Feels cheap for the price.,2023,1,January,349.99,Negative,Negative,-0.4767
CUST1406,2024-03-09,Beats Solo 4,199.99,4,45-54,Male,Middle East,In-Store,Fast charging is a game changer. 10 mins gave me 3 hours of playback.,2024,3,March,199.99,Positive,Neutral,0.0
CUST1407,2024-06-07,Powerbeats Pro,249.99,2,25-34,Male,Middle East,Apple Store,Disappointed with the build quality. Feels cheap for the price.,2024,6,June,249.99,Negative,Negative,-0.4767
CUST1408,2023-11-14,Beats Solo 4,199.99,4,45-54,Non-Binary,Europe,Online,Best purchase I've made this year. Bass is deep and clear.,2023,11,November,199.99,Positive,Positive,0.7783
CUST1409,2023-04-29,Beats Fit Pro,199.99,2,45-54,Non-Binary,Middle East,Online,Returned after a week. The bass is too overpowering for my taste.,2023,4,April,199.99,Negative,Neutral,0.0
CUST1410,2023-05-03,Powerbeats Pro,249.99,5,18-24,Non-Binary,Europe,Online,Premium feel and amazing noise cancellation. Worth every penny.,2023,5,May,249.99,Positive,Positive,0.6908
CUST1411,2024-06-19,Beats Fit Pro,199.99,4,55+,Non-Binary,Asia Pacific,In-Store,Incredible sound stage. Music feels alive with these on.,2024,6,June,199.99,Positive,Positive,0.3818
CUST1412,2023-05-01,Powerbeats Pro,249.99,2,18-24,Female,Latin America,Apple Store,Had connectivity issues from day one. Very frustrating experience.,2023,5,May,249.99,Negative,Negative,-0.4927
CUST1413,2024-08-13,Beats Studio Buds+,169.99,2,18-24,Female,Latin America,Apple Store,Battery drains faster than advertised. Expected better performance.,2024,8,August,169.99,Negative,Positive,0.4404
CUST1414,2024-01-12,Beats Studio Pro,349.99,4,25-34,Female,North America,Online,Premium feel and amazing noise cancellation. Worth every penny.,2024,1,January,349.99,Positive,Positive,0.6908
CUST1415,2023-02-15,Beats Fit Pro,199.99,5,18-24,Male,North America,Third-Party Retailer,Absolutely love these headphones! The sound quality is incredible.,2023,2,February,199.99,Positive,Positive,0.6989
CUST1416,2023-07-03,Powerbeats Pro,249.99,4,18-24,Non-Binary,Latin America,In-Store,Premium feel and amazing noise cancellation. Worth every penny.,2023,7,July,249.99,Positive,Positive,0.6908
CUST1417,2023-11-24,Powerbeats Pro,249.99,3,35-44,Male,Middle East,Apple Store,Comfortable enough but the ear cushions get warm after an hour.,2023,11,November,249.99,Neutral,Positive,0.5423
CUST1418,2023-07-03,Beats Studio Pro,349.99,4,25-34,Non-Binary,North America,Third-Party Retailer,Absolutely love these headphones! The sound quality is incredible.,2023,7,July,349.99,Positive,Positive,0.6989
CUST1419,2023-11-15,Beats Studio Pro,349.99,5,35-44,Male,Middle East,Third-Party Retailer,The fit is perfect and they're super comfortable for long sessions.,2023,11,November,349.99,Positive,Positive,0.9246
CUST1420,2024-07-31,Beats Studio Pro,349.99,4,35-44,Non-Binary,Middle East,In-Store,The fit is perfect and they're super comfortable for long sessions.,2024,7,July,349.99,Positive,Positive,0.9246
CUST1421,2023-07-20,Beats Solo 4,199.99,4,55+,Male,Europe,Online,Seamless connection with my iPhone. Switching devices is effortless.,2023,7,July,199.99,Positive,Neutral,0.0
CUST1422,2023-12-21,Beats Solo 4,199.99,1,18-24,Female,North America,Third-Party Retailer,Customer support was unhelpful when I had a problem with my order.,2023,12,December,199.99,Negative,Neutral,0.0
CUST1423,2023-07-30,Beats Flex,49.99,5,55+,Male,Latin America,Third-Party Retailer,Best purchase I've made this year. Bass is deep and clear.,2023,7,July,49.99,Positive,Positive,0.7783
CUST1424,2024-12-29,Beats Studio Pro,349.99,5,35-44,Male,North America,In-Store,Premium feel and amazing noise cancellation. Worth every penny.,2024,12,December,349.99,Positive,Positive,0.6908
CUST1425,2024-04-14,Beats Studio Buds+,169.99,4,18-24,Non-Binary,North America,In-Store,Incredible sound stage. Music feels alive with these on.,2024,4,April,169.99,Positive,Positive,0.3818
CUST1426,2024-08-29,Beats Flex,49.99,5,55+,Male,Latin America,In-Store,Best purchase I've made this year. Bass is deep and clear.,2024,8,August,49.99,Positive,Positive,0.7783
CUST1427,2024-02-07,Beats Fit Pro,199.99,4,35-44,Female,Latin America,Apple Store,Incredible sound stage. Music feels alive with these on.,2024,2,February,199.99,Positive,Positive,0.3818
CUST1428,2023-05-20,Beats Fit Pro,199.99,2,55+,Male,Europe,Online,Noise cancellation is underwhelming compared to competitors.,2023,5,May,199.99,Negative,Neutral,0.0
CUST1429,2024-02-21,Beats Fit Pro,199.99,4,18-24,Non-Binary,Asia Pacific,In-Store,Incredible sound stage. Music feels alive with these on.,2024,2,February,199.99,Positive,Positive,0.3818
CUST1430,2023-05-03,Beats Solo 4,199.99,4,18-24,Male,Asia Pacific,Online,The fit is perfect and they're super comfortable for long sessions.,2023,5,May,199.99,Positive,Positive,0.9246
CUST1431,2023-06-01,Beats Fit Pro,199.99,5,18-24,Non-Binary,Europe,Apple Store,Incredible sound stage. Music feels alive with these on.,2023,6,June,199.99,Positive,Positive,0.3818
CUST1432,2023-09-24,Beats Solo 4,199.99,4,25-34,Male,Latin America,Third-Party Retailer,The fit is perfect and they're super comfortable for long sessions.,2023,9,September,199.99,Positive,Positive,0.9246
CUST1433,2023-04-07,Beats Studio Buds+,169.99,5,45-54,Male,Europe,Online,Battery life is outstanding. Wore them all day with no issues.,2023,4,April,169.99,Positive,Positive,0.4215
CUST1434,2023-05-14,Beats Studio Pro,349.99,2,25-34,Female,Asia Pacific,Online,Noise cancellation is underwhelming compared to competitors.,2023,5,May,349.99,Negative,Neutral,0.0
CUST1435,2023-01-23,Beats Studio Buds+,169.99,4,18-24,Male,Latin America,In-Store,Best purchase I've made this year. Bass is deep and clear.,2023,1,January,169.99,Positive,Positive,0.7783
CUST1436,2023-05-06,Beats Studio Pro,349.99,5,18-24,Female,North America,In-Store,Incredible sound stage. Music feels alive with these on.,2023,5,May,349.99,Positive,Positive,0.3818
CUST1437,2024-05-23,Beats Studio Buds+,169.99,4,18-24,Female,Latin America,In-Store,Fast charging is a game changer. 10 mins gave me 3 hours of playback.,2024,5,May,169.99,Positive,Neutral,0.0
CUST1438,2023-10-09,Powerbeats Pro,249.99,3,35-44,Female,Europe,Online,Sound is good but I expected a bit more bass at this price point.,2023,10,October,249.99,Neutral,Positive,0.2382
CUST1439,2024-10-24,Beats Studio Buds+,169.99,4,35-44,Female,Latin America,Third-Party Retailer,Battery life is outstanding. Wore them all day with no issues.,2024,10,October,169.99,Positive,Positive,0.4215
CUST1440,2023-05-21,Beats Studio Pro,349.99,2,45-54,Male,Middle East,In-Store,Returned after a week. The bass is too overpowering for my taste.,2023,5,May,349.99,Negative,Neutral,0.0
CUST1441,2024-01-27,Beats Flex,49.99,5,35-44,Female,Middle East,Third-Party Retailer,Absolutely love these headphones! The sound quality is incredible.,2024,1,January,49.99,Positive,Positive,0.6989
CUST1442,2024-02-02,Powerbeats Pro,249.99,5,35-44,Male,North America,Apple Store,Incredible sound stage. Music feels alive with these on.,2024,2,February,249.99,Positive,Positive,0.3818
CUST1443,2023-03-01,Beats Studio Buds+,169.99,3,45-54,Non-Binary,Asia Pacific,In-Store,Build quality feels okay. The case could be better designed.,2023,3,March,169.99,Neutral,Positive,0.5859
CUST1444,2023-09-04,Beats Fit Pro,199.99,2,35-44,Non-Binary,North America,In-Store,Battery drains faster than advertised. Expected better performance.,2023,9,September,199.99,Negative,Positive,0.4404
CUST1445,2023-12-30,Beats Studio Buds+,169.99,5,25-34,Male,Europe,Apple Store,Fast charging is a game changer. 10 mins gave me 3 hours of playback.,2023,12,December,169.99,Positive,Neutral,0.0
CUST1446,2024-12-21,Beats Flex,49.99,5,35-44,Non-Binary,Middle East,In-Store,Absolutely love these headphones! The sound quality is incredible.,2024,12,December,49.99,Positive,Positive,0.6989
CUST1447,2024-07-09,Beats Studio Buds+,169.99,5,35-44,Male,Latin America,Online,Seamless connection with my iPhone. Switching devices is effortless.,2024,7,July,169.99,Positive,Neutral,0.0
CUST1448,2023-08-13,Beats Studio Pro,349.99,2,18-24,Non-Binary,Latin America,Online,Customer support was unhelpful when I had a problem with my order.,2023,8,August,349.99,Negative,Neutral,0.0
CUST1449,2023-05-14,Powerbeats Pro,249.99,5,35-44,Non-Binary,Europe,Apple Store,Battery life is outstanding. Wore them all day with no issues.,2023,5,May,249.99,Positive,Positive,0.4215
CUST1450,2024-12-22,Beats Studio Pro,349.99,1,25-34,Male,Middle East,Apple Store,Customer support was unhelpful when I had a problem with my order.,2024,12,December,349.99,Negative,Neutral,0.0
CUST1451,2024-08-23,Beats Studio Pro,349.99,4,18-24,Female,Asia Pacific,Apple Store,Fast charging is a game changer. 10 mins gave me 3 hours of playback.,2024,8,August,349.99,Positive,Neutral,0.0
CUST1452,2024-10-16,Beats Fit Pro,199.99,5,45-54,Non-Binary,Asia Pacific,In-Store,Fast charging is a game changer. 10 mins gave me 3 hours of playback.,2024,10,October,199.99,Positive,Neutral,0.0
CUST1453,2023-08-17,Beats Flex,49.99,5,55+,Male,Latin America,Apple Store,Incredible sound stage. Music feels alive with these on.,2023,8,August,49.99,Positive,Positive,0.3818
CUST1454,2023-07-01,Beats Flex,49.99,5,18-24,Non-Binary,Middle East,Third-Party Retailer,Premium feel and amazing noise cancellation. Worth every penny.,2023,7,July,49.99,Positive,Positive,0.6908
CUST1455,2023-11-22,Beats Studio Buds+,169.99,1,55+,Male,Middle East,Online,Customer support was unhelpful when I had a problem with my order.,2023,11,November,169.99,Negative,Neutral,0.0
CUST1456,2023-03-21,Beats Solo 4,199.99,3,25-34,Female,Asia Pacific,In-Store,Comfortable enough but the ear cushions get warm after an hour.,2023,3,March,199.99,Neutral,Positive,0.5423
CUST1457,2024-12-26,Beats Flex,49.99,5,35-44,Female,North America,Apple Store,Best purchase I've made this year. Bass is deep and clear.,2024,12,December,49.99,Positive,Positive,0.7783
CUST1458,2023-12-25,Beats Fit Pro,199.99,3,35-44,Male,North America,Online,Decent headphones for the price. Nothing groundbreaking but solid.,2023,12,December,199.99,Neutral,Negative,-0.1695
CUST1459,2023-06-20,Beats Solo 4,199.99,4,45-54,Female,Latin America,Apple Store,Fast charging is a game changer. 10 mins gave me 3 hours of playback.,2023,6,June,199.99,Positive,Neutral,0.0
CUST1460,2024-08-14,Beats Studio Buds+,169.99,4,25-34,Male,Latin America,Online,Seamless connection with my iPhone. Switching devices is effortless.,2024,8,August,169.99,Positive,Neutral,0.0
CUST1461,2023-09-25,Beats Studio Pro,349.99,4,18-24,Male,Asia Pacific,In-Store,Incredible sound stage. Music feels alive with these on.,2023,9,September,349.99,Positive,Positive,0.3818
CUST1462,2024-07-14,Beats Solo 4,199.99,3,18-24,Female,Middle East,Third-Party Retailer,Decent headphones for the price. Nothing groundbreaking but solid.,2024,7,July,199.99,Neutral,Negative,-0.1695
CUST1463,2023-06-18,Beats Flex,49.99,1,55+,Female,Europe,Online,Battery drains faster than advertised. Expected better performance.,2023,6,June,49.99,Negative,Positive,0.4404
CUST1464,2024-02-24,Beats Studio Pro,349.99,4,55+,Non-Binary,Middle East,Apple Store,Battery life is outstanding. Wore them all day with no issues.,2024,2,February,349.99,Positive,Positive,0.4215
CUST1465,2023-04-09,Beats Flex,49.99,4,18-24,Female,Middle East,Third-Party Retailer,Battery life is outstanding. Wore them all day with no issues.,2023,4,April,49.99,Positive,Positive,0.4215
CUST1466,2024-03-13,Beats Fit Pro,199.99,2,18-24,Female,Middle East,Third-Party Retailer,Disappointed with the build quality. Feels cheap for the price.,2024,3,March,199.99,Negative,Negative,-0.4767
CUST1467,2023-06-24,Beats Fit Pro,199.99,2,35-44,Male,Latin America,Online,Noise cancellation is underwhelming compared to competitors.,2023,6,June,199.99,Negative,Neutral,0.0
CUST1468,2024-05-15,Powerbeats Pro,249.99,5,35-44,Male,Middle East,Third-Party Retailer,Seamless connection with my iPhone. Switching devices is effortless.,2024,5,May,249.99,Positive,Neutral,0.0
CUST1469,2024-01-14,Beats Fit Pro,199.99,4,25-34,Female,North America,Apple Store,Fast charging is a game changer. 10 mins gave me 3 hours of playback.,2024,1,January,199.99,Positive,Neutral,0.0
CUST1470,2023-10-03,Beats Solo 4,199.99,4,55+,Male,Europe,Online,Battery life is outstanding. Wore them all day with no issues.,2023,10,October,199.99,Positive,Positive,0.4215
CUST1471,2024-08-26,Beats Studio Pro,349.99,5,25-34,Non-Binary,North America,Third-Party Retailer,Fast charging is a game changer. 10 mins gave me 3 hours of playback.,2024,8,August,349.99,Positive,Neutral,0.0
CUST1472,2024-08-09,Beats Studio Buds+,169.99,4,25-34,Female,Asia Pacific,Online,Seamless connection with my iPhone. Switching devices is effortless.,2024,8,August,169.99,Positive,Neutral,0.0
CUST1473,2024-05-29,Beats Solo 4,199.99,5,55+,Non-Binary,Middle East,In-Store,Absolutely love these headphones! The sound quality is incredible.,2024,5,May,199.99,Positive,Positive,0.6989
CUST1474,2023-06-27,Beats Studio Pro,349.99,5,25-34,Male,Europe,In-Store,Seamless connection with my iPhone. Switching devices is effortless.,2023,6,June,349.99,Positive,Neutral,0.0
CUST1475,2023-07-26,Beats Studio Pro,349.99,4,25-34,Non-Binary,Asia Pacific,Apple Store,Fast charging is a game changer. 10 mins gave me 3 hours of playback.,2023,7,July,349.99,Positive,Neutral,0.0
CUST1476,2023-03-31,Beats Flex,49.99,5,45-54,Non-Binary,Latin America,Apple Store,Best purchase I've made this year. Bass is deep and clear.,2023,3,March,49.99,Positive,Positive,0.7783
CUST1477,2024-12-18,Powerbeats Pro,249.99,4,55+,Non-Binary,Middle East,Third-Party Retailer,Absolutely love these headphones! The sound quality is incredible.,2024,12,December,249.99,Positive,Positive,0.6989
CUST1478,2024-08-03,Beats Studio Pro,349.99,4,55+,Non-Binary,North America,Online,Premium feel and amazing noise cancellation. Worth every penny.,2024,8,August,349.99,Positive,Positive,0.6908
CUST1479,2024-07-02,Beats Studio Buds+,169.99,5,35-44,Female,Asia Pacific,Third-Party Retailer,The fit is perfect and they're super comfortable for long sessions.,2024,7,July,169.99,Positive,Positive,0.9246
CUST1480,2023-02-08,Beats Flex,49.99,4,25-34,Female,Latin America,In-Store,Seamless connection with my iPhone. Switching devices is effortless.,2023,2,February,49.99,Positive,Neutral,0.0
CUST1481,2023-02-09,Beats Studio Buds+,169.99,4,45-54,Female,Europe,Online,Fast charging is a game changer. 10 mins gave me 3 hours of playback.,2023,2,February,169.99,Positive,Neutral,0.0
CUST1482,2024-01-17,Beats Flex,49.99,4,18-24,Female,Asia Pacific,Apple Store,The fit is perfect and they're super comfortable for long sessions.,2024,1,January,49.99,Positive,Positive,0.9246
CUST1483,2023-08-22,Powerbeats Pro,249.99,5,25-34,Female,Latin America,Apple Store,Best purchase I've made this year. Bass is deep and clear.,2023,8,August,249.99,Positive,Positive,0.7783
CUST1484,2023-07-12,Powerbeats Pro,249.99,5,45-54,Male,Latin America,Third-Party Retailer,Best purchase I've made this year. Bass is deep and clear.,2023,7,July,249.99,Positive,Positive,0.7783
CUST1485,2024-06-11,Beats Studio Buds+,169.99,5,25-34,Male,Asia Pacific,Third-Party Retailer,Absolutely love these headphones! The sound quality is incredible.,2024,6,June,169.99,Positive,Positive,0.6989
CUST1486,2023-06-27,Beats Fit Pro,199.99,5,25-34,Male,North America,In-Store,Absolutely love these headphones! The sound quality is incredible.,2023,6,June,199.99,Positive,Positive,0.6989
CUST1487,2024-12-22,Beats Studio Pro,349.99,4,25-34,Female,Asia Pacific,Third-Party Retailer,Incredible sound stage. Music feels alive with these on.,2024,12,December,349.99,Positive,Positive,0.3818
CUST1488,2024-11-28,Beats Studio Buds+,169.99,4,18-24,Male,Asia Pacific,Third-Party Retailer,Best purchase I've made this year. Bass is deep and clear.,2024,11,November,169.99,Positive,Positive,0.7783
CUST1489,2024-08-23,Beats Studio Buds+,169.99,4,55+,Female,Asia Pacific,In-Store,Seamless connection with my iPhone. Switching devices is effortless.,2024,8,August,169.99,Positive,Neutral,0.0
CUST1490,2023-10-19,Powerbeats Pro,249.99,5,18-24,Female,North America,In-Store,Best purchase I've made this year. Bass is deep and clear.,2023,10,October,249.99,Positive,Positive,0.7783
CUST1491,2023-08-15,Beats Studio Buds+,169.99,5,25-34,Non-Binary,Europe,Apple Store,Battery life is outstanding. Wore them all day with no issues.,2023,8,August,169.99,Positive,Positive,0.4215
CUST1492,2024-11-29,Beats Flex,49.99,4,18-24,Female,Europe,In-Store,Absolutely love these headphones! The sound quality is incredible.,2024,11,November,49.99,Positive,Positive,0.6989
CUST1493,2023-09-16,Beats Studio Buds+,169.99,5,55+,Female,Asia Pacific,Third-Party Retailer,Battery life is outstanding. Wore them all day with no issues.,2023,9,September,169.99,Positive,Positive,0.4215
CUST1494,2023-09-16,Beats Solo 4,199.99,5,25-34,Female,Asia Pacific,Third-Party Retailer,Seamless connection with my iPhone. Switching devices is effortless.,2023,9,September,199.99,Positive,Neutral,0.0
CUST1495,2024-11-09,Beats Studio Buds+,169.99,2,35-44,Non-Binary,Middle East,Apple Store,Customer support was unhelpful when I had a problem with my order.,2024,11,November,169.99,Negative,Neutral,0.0
CUST1496,2023-03-07,Powerbeats Pro,249.99,5,35-44,Female,Asia Pacific,Apple Store,Seamless connection with my iPhone. Switching devices is effortless.,2023,3,March,249.99,Positive,Neutral,0.0
CUST1497,2023-07-12,Powerbeats Pro,249.99,5,25-34,Non-Binary,Europe,Online,The fit is perfect and they're super comfortable for long sessions.,2023,7,July,249.99,Positive,Positive,0.9246
CUST1498,2024-11-28,Beats Studio Buds+,169.99,4,25-34,Non-Binary,North America,Third-Party Retailer,Incredible sound stage. Music feels alive with these on.,2024,11,November,169.99,Positive,Positive,0.3818
CUST1499,2024-02-19,Powerbeats Pro,249.99,3,45-54,Non-Binary,North America,In-Store,Good for everyday use. Not the best for professional audio work.,2024,2,February,249.99,Neutral,Negative,-0.12
